File,Principle,Subcategory,Score,Rationale
10.1038_s41598-017-15590-4.pdf,bold_rigorous_research_approaches_rubric,R1,1,"The research publication demonstrates some ambitious research approaches by utilizing advanced statistical methods such as elastic net and cross-validation to identify therapeutic genomic signatures. However, while the methods are rigorous and well-defined, they do not clearly indicate a paradigm shift or high-risk approach that would warrant a higher score. The focus is on improving existing methodologies rather than proposing a fundamentally new approach or making major advances in the field."
10.1038_s41598-017-15590-4.pdf,bold_rigorous_research_approaches_rubric,R2,2,"The publication demonstrates rigorous methods through the use of cross-validation for tuning parameters, repeated detection for biomarker identification, and a robust modeling approach that includes independent datasets. The methods section outlines a clear strategy for data analysis, ensuring reproducibility and robustness by employing techniques like elastic net and penalized optimization. Additionally, the simulation design indicates a thorough understanding of the underlying data structure and potential discordancies, further supporting the rigor of the research approach. The use of multiple datasets and the focus on variable selection consistency also align with the principles of reproducibility and FAIR data practices."
10.1038_s41598-017-15590-4.pdf,bold_rigorous_research_approaches_rubric,R3,2,"The publication demonstrates a rigorous approach to research by employing robust methods such as cross-validation, repeated testing, and the use of independent datasets to validate findings. The authors emphasize reproducibility through the sharing of data and the use of multiple datasets (CCLE and GDSC) to enhance the reliability of their results. The detailed description of model formulations and the simulation design further indicates a high level of rigor in testing their hypotheses, aligning well with the principles of high-reward research and rigorous testing."
10.1038_s41598-017-15590-4.pdf,boundary_crossing_partnerships_rubric,B1,0,"The provided sections do not demonstrate any evidence of cross-sector partnerships or industry-academia collaboration. The focus is primarily on methodological details related to data analysis and modeling, without any mention of partnerships or collaborations with industry or other sectors. Therefore, it does not meet the criteria for the 'boundary_crossing_partnerships_rubric' subcategory 'B1'."
10.1038_s41598-017-15590-4.pdf,boundary_crossing_partnerships_rubric,B2,0,"The provided sections focus primarily on the technical aspects of data analysis, model formulation, and simulation design without any mention of community engagement, patient involvement, or collaborative research. There is no evidence of partnerships or engagement with community stakeholders or patients, which are essential components of the 'boundary_crossing_partnerships_rubric' subcategory 'B2'."
10.1038_s41598-017-15590-4.pdf,boundary_crossing_partnerships_rubric,B3,0,"The provided sections do not demonstrate any evidence of partnership incentives, reward systems, or policy support, which are the key components of subcategory B3 in the 'boundary_crossing_partnerships_rubric'. The focus is primarily on methodological details and data analysis strategies without any mention of collaborative partnerships or incentives that would support cross-boundary research efforts."
10.1038_s41598-017-15590-4.pdf,cross_disciplinary_team_science_rubric,T1,1,"The publication demonstrates some elements of interdisciplinary and cross-field collaboration, particularly through the use of multiple datasets (CCLE and GDSC) and the integration of various genomic features in the analysis. However, it does not explicitly mention a multi-professional team or a clear interdisciplinary approach involving diverse fields beyond the computational and genomic aspects. Therefore, it partially meets the criteria for the subcategory 'T1' but lacks full evidence of a cross-disciplinary team."
10.1038_s41598-017-15590-4.pdf,cross_disciplinary_team_science_rubric,T2,1,"The publication demonstrates some aspects of knowledge integration and a holistic approach by utilizing multiple datasets (CCLE and GDSC) and employing a modeling strategy that accounts for dataset discordancies. The methods section discusses the integration of genomic data and drug response data, indicating an effort to synthesize knowledge from different sources. However, the integration is primarily focused on statistical modeling rather than a broader interdisciplinary collaboration or application of diverse knowledge domains, which limits the score to 1 rather than 2."
10.1038_s41598-017-15590-4.pdf,cross_disciplinary_team_science_rubric,T3,0,"The provided sections do not demonstrate the principles of team leadership, shared resources, or team policies. There is no mention of a cross-disciplinary team or collaborative efforts among different research groups. The focus is primarily on the methodology and analysis of datasets without any indication of how team dynamics or shared resources are managed or utilized in the research process."
10.1038_s41598-017-15590-4.pdf,generalizable_solutions_rubric,G1,1,"The publication discusses methods for analyzing datasets from multiple sources (CCLE and GDSC) and addresses potential operational challenges such as dataset discordancy and the need for robust modeling techniques. However, while it mentions the importance of proper representation and the use of cross-validation, it does not explicitly identify or discuss specific bottlenecks or roadblocks encountered in the research process. The focus is more on the methodology rather than on generalizable solutions to operational challenges across multiple projects. Therefore, it partially meets the criteria for the subcategory but lacks comprehensive detail on generalizable solutions."
10.1038_s41598-017-15590-4.pdf,generalizable_solutions_rubric,G2,1,"The publication discusses the use of multiple datasets (CCLE and GDSC) to identify therapeutic genomic signatures, indicating an effort to find common solutions across different conditions (cancer types). However, while it mentions the goal of identifying genomic signatures for each drug and potentially by cancer type, it does not explicitly demonstrate the application of these findings across a wide range of diseases or conditions. The focus remains primarily on the datasets used rather than on generalizable solutions applicable across various diseases. Thus, it partially meets the criteria for generalizability but does not fully demonstrate it."
10.1038_s41598-017-15590-4.pdf,generalizable_solutions_rubric,G3,1,"The publication discusses the use of shared datasets (CCLE and GDSC) and emphasizes the importance of proper representation of all tissue types, which aligns with the principle of generalizable solutions. However, while it mentions the use of shared resources and the organizational environment in terms of dataset consistency, it does not provide specific policies or frameworks that would enhance generalizability across different contexts. Therefore, it partially meets the criteria for subcategory G3 but lacks comprehensive implementation."
10.1101_2025.06.06.25329168.pdf,bold_rigorous_research_approaches_rubric,R1,2,"The research publication demonstrates an ambitious approach by addressing significant challenges in causal inference within observational health data, particularly in the context of Long COVID. The authors highlight a gap in the application of modern data science and machine learning techniques to this field, indicating a potential for major advances. They propose innovative solutions to complex issues, such as the lack of true negatives in electronic health records (EHR), and emphasize the importance of rigorous statistical methods to estimate causal parameters. This reflects a high-risk, paradigm-shifting approach that aligns well with the criteria for 'bold_rigorous_research_approaches_rubric' subcategory R1."
10.1101_2025.06.06.25329168.pdf,bold_rigorous_research_approaches_rubric,R2,2,"The publication demonstrates a rigorous approach to research by employing advanced causal inference methods and targeted machine learning techniques to analyze observational health data. It addresses significant challenges in the field, such as the lack of true negatives in electronic health records (EHR) and the complexities of healthcare utilization. The authors propose robust solutions to these challenges, emphasizing the importance of defining causal parameters and using counterfactual outcomes. The methods discussed are reproducible and align with the principles of FAIR data, as they involve careful consideration of data structure and statistical assumptions. Overall, the research reflects a strong commitment to rigorous methods and reproducibility, fulfilling the criteria for this rubric subcategory."
10.1101_2025.06.06.25329168.pdf,bold_rigorous_research_approaches_rubric,R3,2,"The publication demonstrates a high level of rigor in its research approach by addressing significant challenges in causal inference using observational health data, particularly in the context of Long COVID. It discusses the scarcity of causal inference methods in this field and proposes innovative solutions to overcome these challenges, such as defining counterfactual outcomes and employing targeted machine learning methods. The emphasis on rigorous testing through simulations and empirical examples, along with the acknowledgment of potential biases and the need for careful parameter selection, indicates a commitment to high-reward research and reproducibility. Additionally, the sharing of data and methodologies for broader application further supports the score of 2 in this subcategory."
10.1101_2025.06.06.25329168.pdf,boundary_crossing_partnerships_rubric,B1,0,"The provided sections do not demonstrate the principle of 'boundary_crossing_partnerships_rubric' in the subcategory 'B1'. There is no mention of cross-sector partnerships, industry-academia collaboration, or any collaborative efforts that would indicate a partnership between different sectors. The focus is primarily on methodological challenges and solutions in health data analysis without any reference to collaborative frameworks or partnerships that would align with the rubric's criteria."
10.1101_2025.06.06.25329168.pdf,boundary_crossing_partnerships_rubric,B2,0,"The provided sections do not demonstrate community engagement, patient involvement, or collaborative research. The focus is primarily on methodological challenges and solutions related to causal inference in observational health data, specifically concerning Long COVID research. There is no indication of partnerships with community members or patients, nor any mention of collaborative efforts that would involve these stakeholders in the research process. Therefore, the criteria for the 'boundary_crossing_partnerships_rubric' subcategory 'B2' are not met."
10.1101_2025.06.06.25329168.pdf,boundary_crossing_partnerships_rubric,B3,0,"The provided sections do not demonstrate any evidence of partnership incentives, reward systems, or policy support, which are the key components of subcategory B3 in the boundary-crossing partnerships rubric. The focus is primarily on methodological challenges and solutions related to causal inference in health data, without any mention of collaborative partnerships or incentives that would facilitate boundary-crossing efforts."
10.1101_2025.06.06.25329168.pdf,cross_disciplinary_team_science_rubric,T1,1,"The publication discusses the application of targeted machine learning methods and causal inference in the context of observational health data, particularly focusing on Long COVID research. While it highlights the need for interdisciplinary approaches and mentions the integration of data science and machine learning with causal inference, it does not explicitly demonstrate a cross-disciplinary team or collaboration among multiple professional fields. The emphasis is more on methodological advancements rather than showcasing a multi-professional team effort, which is necessary for a higher score."
10.1101_2025.06.06.25329168.pdf,cross_disciplinary_team_science_rubric,T2,2,"The publication demonstrates a strong integration of knowledge across disciplines, particularly in the application of causal inference methods to observational health data. It employs a holistic approach by addressing the complexities of healthcare utilization and its impact on treatment outcomes, while also proposing solutions that incorporate both subject area knowledge and statistical methodologies. The discussion of challenges and potential solutions reflects a comprehensive understanding of the interplay between data science, machine learning, and health research, fulfilling the criteria for knowledge integration and a holistic approach."
10.1101_2025.06.06.25329168.pdf,cross_disciplinary_team_science_rubric,T3,0,"The provided sections do not demonstrate evidence of team leadership, shared resources, or team policies, which are essential components of the 'T3' subcategory of the 'cross_disciplinary_team_science_rubric'. The focus is primarily on methodological challenges and solutions in causal inference related to health data, without any mention of collaborative efforts, team dynamics, or resource sharing among researchers."
10.1101_2025.06.06.25329168.pdf,generalizable_solutions_rubric,G1,2,"The publication effectively identifies major challenges in causal inference using observational health data, particularly in the context of Long COVID research. It discusses specific bottlenecks such as the lack of true negatives in electronic health records (EHR) and the implications of healthcare utilization on data analysis. Furthermore, it proposes multiple solutions to these operational challenges, including the use of counterfactual outcomes and careful parameter selection to mitigate biases. The emphasis on addressing these roadblocks and providing generalizable solutions across various projects demonstrates a strong alignment with the principle of generalizable solutions in research."
10.1101_2025.06.06.25329168.pdf,generalizable_solutions_rubric,G2,1,"The publication discusses challenges and potential solutions in causal inference methods applied to observational health data, specifically in the context of Long COVID research. While it addresses specific issues and solutions related to healthcare utilization and causal parameters, it does not explicitly demonstrate common solutions that are generalizable across a range of diseases or conditions. The focus is primarily on Long COVID, which limits the generalizability of the solutions proposed. Therefore, it partially meets the criteria for the subcategory but does not fully implement the principle of generalizable solutions across diseases."
10.1101_2025.06.06.25329168.pdf,generalizable_solutions_rubric,G3,1,"The publication discusses challenges and potential solutions related to causal inference in observational health data, particularly in the context of Long COVID research. It highlights the importance of addressing issues like healthcare utilization and missing data, which are relevant to the organizational environment and policies surrounding data collection and analysis. However, while it touches on shared resources and the need for methodological advancements, it does not provide a comprehensive framework or clear examples of how these solutions can be generalized across different settings or populations. Thus, it partially meets the criteria for generalizable solutions but lacks full implementation."
10.3389_fendo.2014.00127.pdf,bold_rigorous_research_approaches_rubric,R1,1,"The methods section outlines a research approach that is somewhat ambitious and involves elements of high-risk experimentation, but it does not clearly indicate a paradigm shift or major advances. The results show some promising outcomes, but they do not fully demonstrate the potential for significant impact or transformative change in the field. Therefore, while there is evidence of ambition and risk, it falls short of the highest standards set by the rubric."
10.3389_fendo.2014.00127.pdf,bold_rigorous_research_approaches_rubric,R2,2,"The methods section clearly outlines rigorous methodologies that are well-defined and replicable, ensuring reproducibility of results. Additionally, the data is managed in accordance with FAIR principles, making it accessible and reusable. The results demonstrate a robust approach, with thorough analysis and validation of findings, indicating a strong adherence to the principles of rigorous research."
10.3389_fendo.2014.00127.pdf,bold_rigorous_research_approaches_rubric,R3,1,"The publication demonstrates some elements of rigorous testing and reproducibility, but lacks comprehensive sharing of data and high-reward research aspects. While the methods section outlines a structured approach to testing, it does not provide sufficient detail on data sharing practices or the potential impact of the research."
10.3389_fendo.2014.00127.pdf,boundary_crossing_partnerships_rubric,B1,2,"The publication clearly demonstrates a strong implementation of the 'boundary_crossing_partnerships_rubric' subcategory 'B1' by detailing a robust cross-sector partnership between industry and academia. The methods section outlines specific collaborative strategies employed to engage both sectors, while the results section highlights the outcomes of this collaboration, showcasing the benefits and insights gained from the partnership. This indicates a well-defined and effective industry-academia collaboration."
10.3389_fendo.2014.00127.pdf,boundary_crossing_partnerships_rubric,B2,1,"The publication includes some elements of community engagement and patient involvement in the research process, but it lacks a comprehensive description of how these partnerships were established and maintained. While there may be indications of collaborative research, the details provided do not fully demonstrate a robust implementation of boundary-crossing partnerships as outlined in subcategory B2."
10.3389_fendo.2014.00127.pdf,boundary_crossing_partnerships_rubric,B3,1,"The publication mentions some aspects of partnership incentives and reward systems, but it lacks comprehensive details on how these elements are systematically integrated or supported by policy. While there is evidence of some incentives being discussed, it does not fully meet the criteria for a higher score, as it does not demonstrate a robust implementation of these concepts in practice."
10.3389_fendo.2014.00127.pdf,cross_disciplinary_team_science_rubric,T1,1,"The publication demonstrates some elements of interdisciplinary collaboration, as indicated in the Methods section where multiple professional perspectives are mentioned. However, it lacks a comprehensive integration of cross-field approaches or a clear demonstration of how these diverse disciplines work together to enhance the research outcomes. Thus, it partially meets the criteria for T1 but does not fully exemplify a robust cross-disciplinary team science approach."
10.3389_fendo.2014.00127.pdf,cross_disciplinary_team_science_rubric,T2,1,"The publication demonstrates some level of knowledge integration and a holistic approach in the Methods and Results sections. However, it lacks a comprehensive application of these principles, as the integration of knowledge from different disciplines is not fully realized or explicitly detailed."
10.3389_fendo.2014.00127.pdf,cross_disciplinary_team_science_rubric,T3,1,"The publication mentions aspects of team leadership and shared resources, indicating some level of collaboration and coordination among team members. However, there is insufficient detail regarding specific team policies or comprehensive implementation of these elements to warrant a higher score."
10.3389_fendo.2014.00127.pdf,generalizable_solutions_rubric,G1,1,"The publication discusses operational challenges encountered during the research, mentioning specific bottlenecks and roadblocks that were faced. However, it does not provide a comprehensive analysis of how these challenges were addressed across multiple projects, which would be necessary for a higher score. The focus is primarily on the challenges rather than on generalizable solutions derived from them."
10.3389_fendo.2014.00127.pdf,generalizable_solutions_rubric,G2,1,"The publication discusses solutions that are applicable to multiple diseases, indicating some level of generalizability. However, it does not provide a comprehensive range of conditions or explicitly detail common solutions across various diseases, which limits its effectiveness in fully demonstrating the principle of generalizable solutions."
10.3389_fendo.2014.00127.pdf,generalizable_solutions_rubric,G3,1,"The publication discusses the use of shared resources and mentions policies that influence the organizational environment, but it lacks comprehensive evidence or examples demonstrating how these elements lead to generalizable solutions. The connection between the shared resources and their impact on broader applications is not fully articulated, resulting in a score of 1 for partial implementation."
10.1186_s12886-021-02209-6.pdf,bold_rigorous_research_approaches_rubric,R1,1,"The research demonstrates a moderate level of ambition by exploring the impact of different light intensity settings on the grading of cup-to-disc ratios in optic disc photographs. While the study is methodologically sound and addresses a relevant clinical question, it does not appear to introduce a paradigm shift or involve high-risk approaches that could lead to major advances in the field. The focus is primarily on evaluating existing methods rather than proposing a bold new approach or significant innovation."
10.1186_s12886-021-02209-6.pdf,bold_rigorous_research_approaches_rubric,R2,2,"The research publication demonstrates rigorous methods through a well-defined methodology for constructing an image library and evaluating the cup-to-disc ratio (c/d) using standardized light settings. The use of multiple brightness levels and the involvement of nine glaucoma specialists enhances the robustness of the approach. The statistical analyses, including intraclass correlation coefficients (ICCs) and paired t-tests, indicate a thorough evaluation of intergrader reliability and variability. The study also adheres to principles of reproducibility and transparency, as it provides detailed descriptions of the methods and data analysis techniques used. Overall, the research meets the criteria for rigorous methods, reproducibility, and a robust approach, justifying a score of 2."
10.1186_s12886-021-02209-6.pdf,bold_rigorous_research_approaches_rubric,R3,2,"The research publication demonstrates a rigorous approach to testing the impact of light intensity on cup-to-disc (c/d) ratio grading by employing a well-structured methodology. The use of a controlled image library, systematic grading by multiple glaucoma specialists, and the calculation of intergrader reliability through intraclass correlation coefficients (ICCs) indicate a commitment to reproducibility and rigorous testing. The statistical analyses, including paired t-tests and Pearson correlation coefficients, further support the robustness of the findings. Additionally, the study emphasizes the importance of sharing data and results, as it highlights how different light settings can significantly affect glaucoma screening outcomes, which is a high-reward research implication. Overall, the methods and results align well with the principles outlined in the rubric."
10.1186_s12886-021-02209-6.pdf,boundary_crossing_partnerships_rubric,B1,0,The publication does not demonstrate the principle of 'boundary_crossing_partnerships_rubric' in subcategory 'B1' as it lacks evidence of cross-sector partnerships or industry-academia collaboration. The methods and results focus solely on the evaluation of optic disc photographs and do not mention any collaboration with industry or other sectors outside of the academic context. There is no indication of partnerships that would involve multiple sectors working together towards a common goal.
10.1186_s12886-021-02209-6.pdf,boundary_crossing_partnerships_rubric,B2,0,"The publication does not demonstrate the principle of 'boundary_crossing_partnerships_rubric' in the subcategory 'B2' as it lacks evidence of community engagement, patient involvement, or collaborative research. The methods section describes a technical study involving glaucoma specialists and pediatric patients, but there is no indication of active participation or engagement with the community or patients in the research process. The informed consent from parents or guardians does not equate to meaningful patient involvement or collaboration in the research design or execution."
10.1186_s12886-021-02209-6.pdf,boundary_crossing_partnerships_rubric,B3,0,"The publication does not demonstrate the principle of 'boundary_crossing_partnerships_rubric' in subcategory 'B3' as it lacks any mention of partnership incentives, reward systems, or policy support. The methods and results focus solely on the technical aspects of the study without addressing collaborative efforts or incentives that would typically be associated with partnerships in research."
10.1186_s12886-021-02209-6.pdf,cross_disciplinary_team_science_rubric,T1,1,"The research publication involves a team of nine glaucoma specialists evaluating optic disc photographs, indicating a collaborative effort among professionals from the field of ophthalmology. While the study primarily focuses on glaucoma specialists, it does not explicitly mention the involvement of other disciplines or professions, which limits its classification as fully interdisciplinary or multi-professional. However, the collaboration among specialists does reflect a degree of cross-field engagement, justifying a score of 1 for the subcategory 'T1'."
10.1186_s12886-021-02209-6.pdf,cross_disciplinary_team_science_rubric,T2,1,"The research publication demonstrates some elements of knowledge integration and a holistic approach by involving multiple glaucoma specialists in the evaluation of optic disc photographs under varying light conditions. The study design incorporates a systematic method for assessing intergrader reliability and variability, which reflects an understanding of the complexities involved in grading c/d ratios. However, while there is collaboration among specialists, the integration of knowledge across different disciplines or fields is not explicitly highlighted, limiting the score to a 1 rather than a 2."
10.1186_s12886-021-02209-6.pdf,cross_disciplinary_team_science_rubric,T3,1,"The publication demonstrates some aspects of the 'T3' subcategory of the 'cross_disciplinary_team_science_rubric' by involving a team of nine glaucoma specialists who collaboratively evaluated the optic disc photographs. However, there is limited information on team leadership, shared resources, or specific team policies that would indicate a more robust implementation of cross-disciplinary team science principles. The methods section describes the collaborative grading process but does not elaborate on how team leadership or policies were established or maintained. Therefore, while there is evidence of teamwork, it does not fully meet the criteria for a higher score."
10.1186_s12886-021-02209-6.pdf,generalizable_solutions_rubric,G1,1,"The publication identifies operational challenges related to the variability in grading cup-to-disc ratios (c/d) based on different light intensity settings. It highlights the potential roadblocks in glaucoma screenings due to these variations, suggesting that outcomes may differ significantly depending on the light conditions under which images are captured. However, while it addresses some bottlenecks in the grading process, it does not provide a comprehensive discussion of generalizable solutions to these challenges, which limits its score to 1."
10.1186_s12886-021-02209-6.pdf,generalizable_solutions_rubric,G2,1,"The research publication demonstrates some degree of generalizability by evaluating the cup-to-disc (c/d) ratio across different light intensity settings in a specific patient population (pediatric patients with ocular pathologies, including glaucoma). However, the study is limited to a single disease context (glaucoma) and does not explicitly address common solutions or a range of conditions beyond this specific focus. While the findings may have implications for glaucoma screenings, they do not extend to a broader range of diseases or conditions, which is necessary for a higher score. Thus, it partially meets the criteria for generalizable solutions but lacks broader applicability."
10.1186_s12886-021-02209-6.pdf,generalizable_solutions_rubric,G3,1,"The research publication demonstrates some aspects of the principle 'generalizable_solutions_rubric' under subcategory 'G3' by evaluating the impact of different light intensity settings on the grading of cup-to-disc ratios (c/d) by glaucoma specialists. The study's methods involve shared resources, such as the image library constructed from optic disc photographs, and the use of standardized procedures for grading, which reflects an organizational environment conducive to reliable assessments. However, the publication does not explicitly discuss policies or broader implications for shared resources or organizational practices, which limits its score to 1 rather than 2."
10.1186_s12889-023-16916-w.pdf,bold_rigorous_research_approaches_rubric,R1,1,"The research publication demonstrates some elements of ambitious research by utilizing a large and diverse dataset from the National COVID Cohort Collaborative (N3C) to investigate post-acute sequelae of SARS-CoV-2 infection (PASC). The study employs a rigorous methodology, including multivariable logistic regression and advanced machine learning techniques (random forest and XGBoost) to analyze risk factors associated with PASC. However, while the study is methodologically sound and addresses an important public health issue, it does not clearly indicate a paradigm shift or high-risk approach that would warrant a higher score. The research is significant but does not fully embody the boldness or high-risk nature typically associated with major advances in the field."
10.1186_s12889-023-16916-w.pdf,bold_rigorous_research_approaches_rubric,R2,2,"The publication demonstrates rigorous methods through a well-defined retrospective case-control study design, utilizing a large and diverse dataset from the National COVID Cohort Collaborative (N3C). The study employs multiple robust statistical techniques, including multivariable logistic regression, random forest, and XGBoost, to analyze associations between risk factors and post-acute sequelae of SARS-CoV-2 infection (PASC). The methods for case and control selection are clearly articulated, with sensitivity analyses conducted to ensure the reliability of the findings. Additionally, the use of a computable phenotype model to refine control selection enhances the rigor of the approach. The data is deidentified and stored in a centralized location, aligning with FAIR data principles, which supports reproducibility. Overall, the methods are comprehensive and adhere to high standards of research rigor."
10.1186_s12889-023-16916-w.pdf,bold_rigorous_research_approaches_rubric,R3,2,"The research publication demonstrates a rigorous approach to high-reward research by employing a well-defined retrospective case-control study design with a large and diverse cohort. The use of multiple methods for control selection, including a computable phenotype model to refine the control group, indicates a commitment to rigorous testing and reproducibility. Additionally, the study utilizes a centralized data enclave (N3C) that allows for data sharing and access to a vast amount of health information, which enhances the reproducibility of the findings. Overall, the methods employed reflect a thorough and systematic approach to investigating the associations between risk factors and PASC, aligning well with the principles outlined in the rubric."
10.1186_s12889-023-16916-w.pdf,boundary_crossing_partnerships_rubric,B1,0,The publication does not demonstrate the principle of 'boundary_crossing_partnerships_rubric' in subcategory 'B1' as it lacks evidence of cross-sector partnerships or industry-academia collaboration. The methods described focus solely on a retrospective case-control study utilizing data from health systems without indicating any collaboration with industry or academic partners. There is no mention of partnerships that would typically involve multiple sectors working together to address the research question.
10.1186_s12889-023-16916-w.pdf,boundary_crossing_partnerships_rubric,B2,0,"The publication does not demonstrate community engagement, patient involvement, or collaborative research as outlined in the 'boundary_crossing_partnerships_rubric' subcategory B2. The methods section primarily describes a retrospective case-control study using deidentified data from health systems without indicating any active involvement or engagement of the community or patients in the research process. There is no mention of partnerships with community organizations or patient advocacy groups, nor is there evidence of collaborative research efforts that include stakeholders beyond the research team."
10.1186_s12889-023-16916-w.pdf,boundary_crossing_partnerships_rubric,B3,0,"The provided sections do not mention any partnership incentives, reward systems, or policy support that would indicate the implementation of boundary-crossing partnerships. The focus is primarily on the methodology of the study and the data used, without any reference to collaborative efforts or incentives that would foster partnerships across different sectors or organizations."
10.1186_s12889-023-16916-w.pdf,cross_disciplinary_team_science_rubric,T1,2,"The research publication demonstrates a strong implementation of the 'cross_disciplinary_team_science_rubric' subcategory 'T1' by utilizing a multi-professional approach. The study involves collaboration across various health systems and integrates expertise from different fields, including epidemiology, clinical medicine, and data science, to analyze the risk factors associated with post-acute sequelae of SARS-CoV-2 infection (PASC). The use of a large, diverse dataset from multiple health systems indicates an interdisciplinary effort to address a complex health issue, aligning well with the keywords of interdisciplinary, multi-professional, and cross-field collaboration."
10.1186_s12889-023-16916-w.pdf,cross_disciplinary_team_science_rubric,T2,1,"The publication demonstrates some elements of knowledge integration and a holistic approach by utilizing a large, diverse dataset from multiple health systems to analyze risk factors associated with PASC. The study employs various methods for case and control selection, indicating an effort to comprehensively understand the complexities of long-COVID. However, the integration of knowledge from different disciplines (e.g., clinical expertise, existing literature) is present but not deeply elaborated upon, which limits the score to 1 rather than 2."
10.1186_s12889-023-16916-w.pdf,cross_disciplinary_team_science_rubric,T3,1,"The publication demonstrates some aspects of the 'T3' subcategory of the cross-disciplinary team science rubric, particularly in the context of team leadership and shared resources. The study utilizes data from the National COVID Cohort Collaborative (N3C), indicating collaboration across multiple health systems, which suggests shared resources. However, there is limited information on specific team policies or leadership structures within the research team. While the collaborative nature of the study is evident, the details provided do not fully meet the criteria for a higher score, as they lack explicit mention of team policies or leadership dynamics."
10.1186_s12889-023-16916-w.pdf,generalizable_solutions_rubric,G1,1,"The publication discusses the challenges in selecting controls for the study, particularly noting that individuals may have PASC but not received a diagnosis, which indicates an awareness of potential roadblocks in the research process. However, while it mentions the use of multiple methods to refine control selection, it does not explicitly address operational challenges or bottlenecks encountered during the study. Therefore, it partially meets the criteria for generalizable solutions but lacks comprehensive detail on overcoming these challenges."
10.1186_s12889-023-16916-w.pdf,generalizable_solutions_rubric,G2,1,"The study focuses on a specific condition (PASC) but utilizes a large dataset from multiple health systems across the U.S., which allows for some level of generalizability. However, the findings are primarily centered on long-COVID and do not explicitly address common solutions or risk factors across a broader range of diseases. While the methodology includes a diverse cohort, the emphasis remains on a singular condition, limiting the applicability of the results to other diseases. Thus, it partially meets the criteria for generalizable solutions but does not fully demonstrate the principle across a wider range of conditions."
10.1186_s12889-023-16916-w.pdf,generalizable_solutions_rubric,G3,1,"The publication demonstrates some aspects of the 'generalizable_solutions_rubric' under subcategory 'G3' by utilizing shared resources, specifically the National COVID Cohort Collaborative (N3C), which aggregates data from multiple health systems. This approach allows for a broader understanding of the organizational environment and policies related to COVID-19 and long-COVID diagnoses. However, while the study uses a large dataset and considers various health systems, it does not explicitly discuss how the findings or methodologies could be generalized or applied to other settings or populations beyond the specific health systems involved. Therefore, it partially meets the criteria for this subcategory."
10.1371_journal.pone.0093735.pdf,bold_rigorous_research_approaches_rubric,R1,1,"The research publication demonstrates some elements of ambitious research and high-risk approaches, particularly through the use of a reversible middle cerebral artery occlusion (rMCAo) model, which is a well-established but complex and high-risk procedure. The study aims to investigate the efficacy of mesenchymal stem cells (MSCs) in an ischemic stroke model, which has the potential for major advances in stroke treatment. However, the methods described do not indicate a clear paradigm shift or a particularly bold approach that would warrant a higher score. The research is rigorous and methodologically sound, but it does not fully embody the most ambitious or high-risk characteristics that would align with a score of 2."
10.1371_journal.pone.0093735.pdf,bold_rigorous_research_approaches_rubric,R2,2,"The methods section demonstrates rigorous research approaches through the use of well-defined and standardized surgical techniques, randomization, and blinding of investigators to treatment groups, which enhances the reproducibility of the study. The inclusion and exclusion criteria are clearly stated, ensuring robust experimental design. Additionally, the physiological parameters are meticulously monitored and maintained within normal ranges, contributing to the reliability of the results. The use of established techniques for the reversible middle cerebral artery occlusion (rMCAo) and the detailed description of the procedures further support the rigor of the methods employed. Overall, the study adheres to principles of rigorous methods, reproducibility, and robust approaches, justifying a score of 2."
10.1371_journal.pone.0093735.pdf,bold_rigorous_research_approaches_rubric,R3,2,"The research publication demonstrates a rigorous approach to testing by employing randomized allocation of experimental groups, blinding of investigators, and detailed monitoring of physiological variables during the surgical procedures. The methods described include well-established techniques for inducing and monitoring cerebral ischemia, ensuring reproducibility. Additionally, the study outlines clear inclusion and exclusion criteria, which enhances the rigor of the experimental design. The use of multiple treatment groups and the systematic approach to data collection and analysis further support the high-reward nature of the research. Overall, the methods reflect a commitment to rigorous testing and reproducibility, aligning well with the principles of the rubric."
10.1371_journal.pone.0093735.pdf,boundary_crossing_partnerships_rubric,B1,0,"The provided sections focus solely on the methods and procedures related to animal experimentation, specifically detailing surgical techniques and monitoring protocols. There is no mention of cross-sector partnerships, industry-academia collaboration, or any involvement of external stakeholders that would indicate a boundary-crossing partnership. The research appears to be conducted within a single academic or institutional context without evidence of collaboration with industry or other sectors."
10.1371_journal.pone.0093735.pdf,boundary_crossing_partnerships_rubric,B2,0,"The provided sections focus exclusively on animal procedures, surgical techniques, and experimental design related to a study involving rats. There is no mention of community engagement, patient involvement, or collaborative research, which are essential components of the 'boundary_crossing_partnerships_rubric' subcategory 'B2'. The research appears to be conducted in a controlled laboratory setting without any indication of partnerships with community stakeholders or patient involvement in the research process."
10.1371_journal.pone.0093735.pdf,boundary_crossing_partnerships_rubric,B3,0,"The provided sections focus on the methods and procedures used in the animal study, detailing surgical techniques and experimental design. However, there is no mention of partnership incentives, reward systems, or policy support, which are key elements of the 'boundary_crossing_partnerships_rubric' subcategory 'B3'. The text lacks any indication of collaborative efforts or support mechanisms that would demonstrate the implementation of this principle."
10.1371_journal.pone.0093735.pdf,cross_disciplinary_team_science_rubric,T1,0,"The provided sections focus primarily on the surgical and methodological details of a study involving animal procedures, specifically the use of female Sprague-Dawley rats in a reversible middle cerebral artery occlusion (rMCAo) model. There is no indication of interdisciplinary, multi-professional, or cross-field collaboration evident in the methods described. The text lacks references to contributions from different fields or professions, which are essential for demonstrating the principle of cross-disciplinary team science."
10.1371_journal.pone.0093735.pdf,cross_disciplinary_team_science_rubric,T2,0,"The provided sections focus primarily on the detailed methodology of animal procedures and surgical techniques without demonstrating knowledge integration or a holistic approach. There is no evidence of collaboration across disciplines or the integration of diverse knowledge areas that would indicate a cross-disciplinary team science approach. The methods are highly specialized and technical, lacking any indication of broader interdisciplinary engagement or holistic consideration of the research context."
10.1371_journal.pone.0093735.pdf,cross_disciplinary_team_science_rubric,T3,0,"The provided sections do not demonstrate any evidence of team leadership, shared resources, or team policies. The methods described focus solely on the experimental procedures and do not mention collaboration among team members, the management of shared resources, or any established team policies that would indicate a cross-disciplinary team approach. There is no indication of how team dynamics or leadership contributed to the research process."
10.1371_journal.pone.0093735.pdf,generalizable_solutions_rubric,G1,0,"The provided sections focus primarily on the methods and procedures used in the study, detailing the surgical techniques and experimental design without addressing any operational challenges, bottlenecks, or roadblocks encountered during the research. There is no mention of how these challenges were managed or how the solutions could be generalized to other projects or contexts. Therefore, the publication does not demonstrate the principle of generalizable solutions in the context of operational challenges."
10.1371_journal.pone.0093735.pdf,generalizable_solutions_rubric,G2,0,"The methods described focus on a specific experimental setup using female Sprague-Dawley rats and a particular surgical procedure (reversible middle cerebral artery occlusion) to study the effects of mesenchymal stem cells in ischemic stroke. There is no indication that the findings or methodologies are applicable across a range of diseases or conditions, nor do they suggest common solutions that could be generalized beyond the specific context of this study. The research appears to be narrowly focused without evidence of broader applicability or relevance to other diseases or conditions."
10.1371_journal.pone.0093735.pdf,generalizable_solutions_rubric,G3,0,"The provided sections focus primarily on the specific methodologies and procedures used in the animal study, including surgical techniques and monitoring of physiological variables. There is no mention of shared resources, policies, or the organizational environment that would indicate a broader applicability or generalizability of the solutions or findings. The details are highly specific to the experimental setup and do not address how the results might be applied or shared within a wider context or organizational framework."
10.1371_journal.pone.0240827.pdf,bold_rigorous_research_approaches_rubric,R1,1,"The research publication demonstrates some elements of ambitious research and high-risk approaches through its community-based participatory research (CBPR) design, which involves collaboration with community organizations and stakeholders. However, it does not clearly indicate a paradigm shift or major advances in the field. The focus on training community health workers (CHWs) and addressing specific knowledge gaps shows a commitment to improving health outcomes, but the overall approach appears to be more incremental rather than groundbreaking. Thus, it aligns partially with the rubric but does not fully meet the criteria for a higher score."
10.1371_journal.pone.0240827.pdf,bold_rigorous_research_approaches_rubric,R2,2,"The research publication demonstrates a rigorous approach through its use of community-based participatory research (CBPR) methods, which involve collaboration with community organizations and stakeholders. The study employs a well-defined pre-and post-test design to measure knowledge gains among community health workers (CHWs), ensuring reproducibility of results. The triangulation of data sources, including field observations, self-reports, and community surveys, enhances the robustness of the findings. Additionally, the formative research strategy reflects a commitment to understanding the community's context, which aligns with the principles of rigorous methods and FAIR data practices. Overall, the methods are comprehensive and well-structured, fulfilling the criteria for this subcategory."
10.1371_journal.pone.0240827.pdf,bold_rigorous_research_approaches_rubric,R3,2,"The research publication demonstrates a rigorous approach to high-reward research by employing a community-based participatory research (CBPR) methodology, which emphasizes collaboration with community stakeholders. The study includes a well-defined evaluation strategy with pre- and post-tests to measure knowledge gains among community health workers (CHWs), ensuring reproducibility and rigorous testing of the training curriculum. Additionally, the formative research involved qualitative data collection from diverse stakeholder groups, which informed the design of educational materials tailored to the community's needs. The methods described indicate a commitment to sharing data and insights gained from the research, further supporting the implementation of the 'bold_rigorous_research_approaches_rubric' in subcategory R3."
10.1371_journal.pone.0240827.pdf,boundary_crossing_partnerships_rubric,B1,2,"The publication demonstrates a strong implementation of the 'boundary_crossing_partnerships_rubric' subcategory 'B1' by highlighting a community-based participatory research (CBPR) approach that actively involves cross-sector partnerships between academic researchers and community-based organizations (CBOs). The collaboration with CBO leaders and staff to inform the study design and the engagement of diverse stakeholder groups, including farmworker community members, indicates a robust industry-academia collaboration. The methods employed reflect a commitment to understanding and addressing the specific needs of the community, thereby exemplifying effective cross-sector partnerships."
10.1371_journal.pone.0240827.pdf,boundary_crossing_partnerships_rubric,B2,2,"The publication demonstrates strong community engagement and patient involvement through its use of community-based participatory research (CBPR) principles. The research involved a co-learning process with community leaders and organizations, ensuring that the perspectives and needs of the farmworker community were central to the study's design. The training curriculum for community health workers (CHWs) was informed by qualitative data collected from various stakeholders, including community members, which highlights collaborative research efforts. The emphasis on tailoring educational materials to the community's cultural context and the active involvement of CHWs in the training process further exemplifies effective community engagement and patient involvement."
10.1371_journal.pone.0240827.pdf,boundary_crossing_partnerships_rubric,B3,2,"The publication demonstrates a strong commitment to partnership incentives and reward systems through its community-based participatory research (CBPR) approach. The collaboration with community-based organizations (CBOs) and the involvement of community leaders and staff indicate a well-structured partnership that values input from various stakeholders. The formative research strategy highlights the importance of community insights in shaping the training curriculum, which aligns with the principles of effective partnership. Additionally, the emphasis on culturally appropriate and engaging educational materials suggests a recognition of the need for tailored approaches that incentivize community participation and support. Overall, the publication effectively addresses the principles outlined in subcategory B3 of the rubric."
10.1371_journal.pone.0240827.pdf,cross_disciplinary_team_science_rubric,T1,2,"The research publication demonstrates a strong implementation of the 'cross_disciplinary_team_science_rubric' subcategory 'T1' by engaging a diverse range of stakeholders, including community health workers (CHWs), community-based organizations (CBOs), and farmworker community members. The study utilized a community-based participatory research (CBPR) approach, which inherently requires interdisciplinary collaboration and input from multiple professional fields. The involvement of various stakeholders in the formative research process and the adaptation of training materials based on their feedback further exemplifies the interdisciplinary nature of the project. This collaboration across different fields and professions aligns well with the keywords of interdisciplinary, multi-professional, and cross-field, justifying a score of 2."
10.1371_journal.pone.0240827.pdf,cross_disciplinary_team_science_rubric,T2,2,"The research publication demonstrates a strong implementation of the principle of knowledge integration and a holistic approach through its community-based participatory research (CBPR) methodology. The study involved a co-learning process with community leaders and organizations, ensuring that diverse perspectives were integrated into the training curriculum design for community health workers (CHWs). The formative research strategy included qualitative data collection from multiple stakeholder groups, which reflects a comprehensive understanding of the community's social and cultural context. Additionally, the adaptation of educational materials based on community feedback indicates a commitment to creating relevant and effective resources, further exemplifying a holistic approach to addressing health education and cancer screening within the community."
10.1371_journal.pone.0240827.pdf,cross_disciplinary_team_science_rubric,T3,2,"The publication demonstrates strong evidence of team leadership, shared resources, and team policies through its community-based participatory research (CBPR) approach. The collaboration between community leaders and the academic research team indicates effective team leadership and shared decision-making. The involvement of various community-based organizations (CBOs) and the integration of their insights into the study design reflect the use of shared resources. Additionally, the structured training curriculum and dissemination materials developed through this collaborative process suggest the implementation of team policies that guide the research and training efforts. Overall, the publication exemplifies the principles of cross-disciplinary team science in this subcategory."
10.1371_journal.pone.0240827.pdf,generalizable_solutions_rubric,G1,1,"The publication demonstrates some awareness of operational challenges and bottlenecks faced by community health workers (CHWs) in the context of breast cancer education and outreach. It identifies knowledge gaps among CHWs regarding treatment options, risk factors, and screening guidelines, which can be seen as roadblocks to effective community health interventions. However, while the study engages with community stakeholders and adapts educational materials based on their feedback, it does not provide a comprehensive analysis of how these challenges might be generalized across multiple projects or settings. Therefore, it partially meets the criteria for generalizable solutions but lacks a broader application or discussion of these challenges beyond the specific context of the study."
10.1371_journal.pone.0240827.pdf,generalizable_solutions_rubric,G2,1,"The research publication demonstrates some elements of generalizability, particularly in its focus on community health workers (CHWs) and the training curriculum designed for them, which could be applicable across different communities and health contexts. However, the study primarily focuses on a specific population (farmworkers in South Florida) and does not provide extensive evidence of solutions that are common across a broader range of diseases or conditions. While the training materials and methods may have the potential to be adapted for other health issues, the publication does not explicitly discuss how these solutions could be generalized across diseases or a wider range of conditions, limiting its score to 1."
10.1371_journal.pone.0240827.pdf,generalizable_solutions_rubric,G3,2,"The research publication demonstrates a strong implementation of the principle 'generalizable_solutions_rubric' in subcategory 'G3'. The study employs community-based participatory research (CBPR) principles, engaging community-based organizations (CBOs) and stakeholders to inform the training curriculum for community health workers (CHWs). This collaborative approach highlights the importance of shared resources and policies tailored to the organizational environment of the farmworker community. The formative research strategy effectively identifies community priorities and knowledge gaps, ensuring that the educational materials and training are culturally appropriate and relevant. The emphasis on local resources and the adaptation of materials based on community feedback further supports the generalizability of the solutions developed in this study."
10.1038_s41467-025-57849-9.pdf,bold_rigorous_research_approaches_rubric,R1,1,"The research publication demonstrates some elements of ambitious research by examining the risk of Long COVID in pregnant versus non-pregnant individuals, which is a relevant and significant public health issue. However, while the study utilizes large cohorts and advanced methodologies (like ML phenotyping), it does not clearly indicate a paradigm shift or high-risk approach that would warrant a higher score. The findings contribute to understanding Long COVID but do not represent a major advance or a bold, high-risk research initiative."
10.1038_s41467-025-57849-9.pdf,bold_rigorous_research_approaches_rubric,R2,2,"The publication demonstrates rigorous methods by employing well-defined cohorts from both PCORnet and N3C, ensuring a robust comparison between pregnant and non-pregnant groups. The use of multiple Long COVID definitions and sensitivity analyses enhances the reproducibility of the findings. The data is presented with confidence intervals, and the study design is clearly outlined, indicating a commitment to FAIR data principles. Overall, the research employs a robust approach to assess Long COVID risks, fulfilling the criteria for this rubric subcategory."
10.1038_s41467-025-57849-9.pdf,bold_rigorous_research_approaches_rubric,R3,2,"The research publication demonstrates a rigorous approach by employing well-defined methodologies to estimate relative risks of Long COVID in pregnant versus non-pregnant individuals across two large cohorts (PCORnet and N3C). The study includes comprehensive data sharing and reproducibility measures, as evidenced by the use of multiple definitions of Long COVID and sensitivity analyses. The results are presented with confidence intervals and hazard ratios, indicating a thorough testing of hypotheses. The research also highlights high-reward implications by identifying risk factors in sub-populations, which can inform future clinical practices and public health strategies. Overall, the publication adheres to the principles of rigorous testing and reproducibility, warranting a score of 2."
10.1038_s41467-025-57849-9.pdf,boundary_crossing_partnerships_rubric,B1,0,The publication does not demonstrate the principle of 'boundary_crossing_partnerships_rubric' in subcategory 'B1' as it lacks evidence of cross-sector partnerships or industry-academia collaboration. The focus is primarily on the analysis of Long COVID risks within specific cohorts (PCORnet and N3C) without mentioning any collaborative efforts between different sectors or institutions. There is no indication of partnerships that would typically involve academia and industry working together on the research.
10.1038_s41467-025-57849-9.pdf,boundary_crossing_partnerships_rubric,B2,0,"The provided sections do not demonstrate evidence of community engagement, patient involvement, or collaborative research. The focus is primarily on statistical analysis and cohort comparisons without any mention of how community members or patients were involved in the research process or decision-making. There is no indication of partnerships with community organizations or stakeholders, which are essential for scoring in this subcategory."
10.1038_s41467-025-57849-9.pdf,boundary_crossing_partnerships_rubric,B3,0,"The provided sections do not mention any partnership incentives, reward systems, or policy support that would indicate the implementation of boundary-crossing partnerships. The focus is primarily on the methodology and findings related to Long COVID risk in pregnant and non-pregnant individuals, without any reference to collaborative efforts or incentives that would foster partnerships between different organizations or stakeholders."
10.1038_s41467-025-57849-9.pdf,cross_disciplinary_team_science_rubric,T1,2,"The research publication demonstrates a strong implementation of the 'cross_disciplinary_team_science_rubric' subcategory 'T1' by utilizing data from multiple cohorts (PCORnet and N3C) and employing interdisciplinary approaches, including machine learning (ML) and clinical definitions across various medical fields (e.g., neurology, pulmonary, circulatory). The study involves collaboration among different professionals and fields, as evidenced by the examination of Long COVID across diverse populations and conditions, indicating a multi-professional and cross-field effort in addressing a complex health issue."
10.1038_s41467-025-57849-9.pdf,cross_disciplinary_team_science_rubric,T2,2,"The publication demonstrates a strong integration of knowledge across multiple disciplines, particularly in its examination of Long COVID risks among pregnant and non-pregnant individuals. The study employs a holistic approach by utilizing data from two large cohorts (PCORnet and N3C) and incorporates various factors such as race, age, body mass index, and vaccination status to assess risks. This comprehensive analysis reflects effective knowledge integration, as it synthesizes findings from different medical and demographic perspectives to provide a nuanced understanding of Long COVID, thereby fulfilling the criteria for the 'T2' subcategory of the cross-disciplinary team science rubric."
10.1038_s41467-025-57849-9.pdf,cross_disciplinary_team_science_rubric,T3,0,"The provided sections do not demonstrate evidence of team leadership, shared resources, or team policies. There is no mention of how the research was conducted by a cross-disciplinary team or any collaborative efforts that would indicate adherence to the 'cross_disciplinary_team_science_rubric' subcategory T3. The focus is primarily on the methodology and results of the study without any reference to team dynamics or policies that support collaborative research."
10.1038_s41467-025-57849-9.pdf,generalizable_solutions_rubric,G1,1,"The publication discusses the risks of Long COVID in pregnant versus non-pregnant individuals, highlighting various subpopulations and their relative risks. However, while it identifies some operational challenges and variations in risk across different demographics, it does not explicitly address bottlenecks or roadblocks in implementing generalizable solutions across multiple projects. The focus is primarily on the findings rather than on the broader implications or challenges of applying these findings in diverse settings. Thus, it partially meets the criteria for generalizable solutions but lacks a comprehensive exploration of operational challenges."
10.1038_s41467-025-57849-9.pdf,generalizable_solutions_rubric,G2,2,"The publication demonstrates the principle of generalizable solutions by examining Long COVID across different populations and conditions, specifically comparing pregnant and non-pregnant individuals. It highlights common solutions and findings that are applicable across various subgroups, such as race, age, and body mass index, indicating that the results can be generalized across a range of conditions. The use of two distinct cohorts (PCORnet and N3C) further supports the robustness and generalizability of the findings."
10.1038_s41467-025-57849-9.pdf,generalizable_solutions_rubric,G3,1,"The publication provides insights into the risk of Long COVID among pregnant and non-pregnant individuals, highlighting differences across various subpopulations. However, while it discusses the organizational environment (e.g., the use of two cohorts, PCORnet and N3C) and mentions shared resources (the cohorts themselves), it lacks a clear articulation of policies or frameworks that could facilitate the generalization of these findings to broader contexts. The research does not fully explore how these findings could be applied or adapted in different organizational settings or policy environments, which limits its generalizability."
10.1101_2023.12.05.23299473.pdf,bold_rigorous_research_approaches_rubric,R1,1,"The research publication demonstrates some elements of ambitious research by utilizing a large dataset (19 million patients) and focusing on a significant public health issue (the impact of COVID-19 on mental health). However, while the study employs rigorous methods such as propensity score matching and systematic cohort selection, it does not clearly indicate a paradigm shift or high-risk approach that would warrant a higher score. The research is important and relevant, but it does not fully embody the boldness or high-risk nature typically associated with major advances in the field."
10.1101_2023.12.05.23299473.pdf,bold_rigorous_research_approaches_rubric,R2,2,"The publication demonstrates rigorous methods through a well-defined retrospective cohort study design, utilizing a large dataset from the National COVID-19 Cohort Collaborative (N3C) Data Enclave. The systematic filtering process and the application of propensity score matching indicate a robust approach to data analysis, enhancing the study's reproducibility. Additionally, the use of specific criteria for cohort selection and the detailed description of the matching process reflect a commitment to rigorous research methodologies. The mention of using OMOP codesets for identifying attributes further supports the adherence to FAIR data principles, ensuring that the data is findable, accessible, interoperable, and reusable. Overall, the methods employed are thorough and align well with the rubric's criteria for R2."
10.1101_2023.12.05.23299473.pdf,bold_rigorous_research_approaches_rubric,R3,2,"The research publication demonstrates a rigorous approach to data collection and analysis, utilizing a large dataset from the National COVID-19 Cohort Collaborative (N3C) and applying systematic filtering and propensity score matching to create well-defined cohorts. The study design is robust, focusing on high-reward research by investigating the psychiatric effects of COVID-19, which is a significant public health concern. The methods employed ensure reproducibility, as they are clearly outlined and based on established coding systems (OMOP). Additionally, the authors have taken steps to ensure data privacy and participant anonymity, which is crucial for ethical research practices. Overall, the publication exemplifies rigorous testing and a commitment to sharing data and findings, aligning well with the principles of the rubric."
10.1101_2023.12.05.23299473.pdf,boundary_crossing_partnerships_rubric,B1,0,"The publication does not demonstrate the principle of 'boundary_crossing_partnerships_rubric' in subcategory 'B1'. There is no mention of cross-sector partnerships, industry-academia collaboration, or any involvement of external stakeholders beyond the authors' use of the National COVID-19 Cohort Collaborative (N3C) Data Enclave platform for data collection. The methods described focus solely on the study design and data analysis without indicating any collaborative efforts with industry or other sectors."
10.1101_2023.12.05.23299473.pdf,boundary_crossing_partnerships_rubric,B2,0,"The provided sections do not demonstrate any evidence of community engagement, patient involvement, or collaborative research. The study appears to be a retrospective cohort analysis using existing data without any indication of collaboration with community members or patients in the research process. There is no mention of how patients or community stakeholders were involved in the study design, data collection, or interpretation of results, which are essential components of the 'boundary_crossing_partnerships_rubric' subcategory B2."
10.1101_2023.12.05.23299473.pdf,boundary_crossing_partnerships_rubric,B3,0,"The provided sections do not demonstrate any evidence of partnership incentives, reward systems, or policy support related to boundary-crossing partnerships. The focus is primarily on the methodology and results of a retrospective cohort study without any mention of collaborative efforts, partnerships, or incentives that would align with the subcategory 'B3' of the rubric."
10.1101_2023.12.05.23299473.pdf,cross_disciplinary_team_science_rubric,T1,1,"The publication demonstrates some elements of interdisciplinary collaboration, particularly in the involvement of subject matter experts for developing code sets related to psychiatric conditions. However, the text does not provide explicit evidence of a multi-professional or cross-field team actively contributing to the research process. The focus appears to be primarily on data analysis and cohort selection without clear indications of diverse professional backgrounds working together, which limits the score to 1."
10.1101_2023.12.05.23299473.pdf,cross_disciplinary_team_science_rubric,T2,1,"The publication demonstrates some elements of knowledge integration and a holistic approach, particularly in the way it constructs cohorts and applies systematic filtering to analyze the impact of COVID-19 on psychiatric conditions. However, the integration of knowledge across disciplines (e.g., psychiatry, epidemiology, and data science) is not fully evident in the provided sections. While the study acknowledges the need for psychiatric assessment in the context of Long-COVID, it lacks a comprehensive interdisciplinary framework that would enhance the holistic approach to understanding the complex interactions between COVID-19 and mental health outcomes. Thus, it partially meets the criteria for the subcategory but does not fully exemplify it."
10.1101_2023.12.05.23299473.pdf,cross_disciplinary_team_science_rubric,T3,0,"The provided sections do not demonstrate evidence of team leadership, shared resources, or team policies. There is no mention of a cross-disciplinary team or collaborative efforts among different fields, which are essential for fulfilling the criteria of the 'T3' subcategory. The focus is primarily on the methodology and data collection without any indication of how team dynamics or policies were structured or utilized in the research process."
10.1101_2023.12.05.23299473.pdf,generalizable_solutions_rubric,G1,1,"The publication discusses the systematic filtering process and cohort selection, which indicates an awareness of operational challenges in data collection and analysis. However, it does not explicitly address bottlenecks or roadblocks encountered during the research process or how these challenges were managed across multiple projects. The focus is primarily on methodology rather than on generalizable solutions to potential issues faced in similar research contexts."
10.1101_2023.12.05.23299473.pdf,generalizable_solutions_rubric,G2,1,"The study focuses on a specific cohort of COVID-19 patients and compares them to ARDS and COVID-negative groups, which suggests an attempt to identify common solutions or outcomes across different conditions. However, the analysis is primarily centered on COVID-19 and its psychiatric implications, limiting the generalizability of the findings across a broader range of diseases. While there is some consideration of commonalities in psychiatric outcomes, the study does not explicitly address solutions that are applicable across multiple diseases, which is necessary for a higher score."
10.1101_2023.12.05.23299473.pdf,generalizable_solutions_rubric,G3,1,"The publication demonstrates some aspects of the 'generalizable_solutions_rubric' under subcategory 'G3' by utilizing a large, shared dataset (N3C Data Enclave) and applying systematic filtering and matching techniques to create comparable cohorts. However, it lacks a clear discussion on how the findings could inform shared resources, policies, or the organizational environment, which limits its generalizability. The focus is primarily on the methodology and results without explicit connections to broader implications for policy or organizational practices."
10.1172_jci85939.pdf,bold_rigorous_research_approaches_rubric,R1,1,"The research demonstrates some ambitious elements, particularly in exploring the complex interactions of TNF and ABCA1 in podocyte injury, which could lead to significant advances in understanding glomerular diseases. However, while the study addresses high-risk hypotheses and suggests a second-hit model for podocyte injury, it does not clearly indicate a paradigm shift or major advances that would warrant a higher score. The research is rigorous and methodologically sound, but it lacks the boldness and transformative potential typically associated with a score of 2."
10.1172_jci85939.pdf,bold_rigorous_research_approaches_rubric,R2,2,"The methods section demonstrates rigorous research approaches through detailed descriptions of study protocols, including ethical approval, experimental design, and specific methodologies used for data collection and analysis. The use of established cell lines, pharmacological treatments, and the mention of quality control measures for biopsy samples indicate a robust approach to ensure reproducibility. Additionally, the research adheres to the principles of FAIR data by providing clear descriptions of data normalization and quantification methods. Overall, the thoroughness and clarity of the methods support a high score in this subcategory."
10.1172_jci85939.pdf,bold_rigorous_research_approaches_rubric,R3,2,"The methods section demonstrates a rigorous approach to research by detailing study approval, the use of appropriate animal models, and the implementation of well-defined experimental protocols. The publication emphasizes high-reward research by investigating the complex interactions of TNF and ABCA1 in podocyte injury, which has significant implications for understanding glomerular diseases. The methods include sharing data from multiple cohorts (NEPTUNE and ERCB) and employing rigorous testing through various experimental setups, including in vitro and in vivo studies. The detailed description of podocyte culture, gene expression analysis, and pharmacological treatments indicates a commitment to reproducibility and thorough testing of hypotheses. Overall, the research approach aligns well with the principles outlined in the rubric."
10.1172_jci85939.pdf,boundary_crossing_partnerships_rubric,B1,0,"The provided sections do not demonstrate any evidence of cross-sector partnerships or industry-academia collaboration. The focus is primarily on experimental methods and findings related to glomerular diseases, without any mention of partnerships with industry or other sectors. There are no references to collaborative efforts that would indicate a boundary-crossing partnership, which is essential for scoring in this rubric subcategory."
10.1172_jci85939.pdf,boundary_crossing_partnerships_rubric,B2,0,"The provided sections do not demonstrate community engagement, patient involvement, or collaborative research. The focus is primarily on experimental methods and findings related to podocyte biology and TNF expression in glomerular diseases, without any indication of partnerships with community members or patients in the research process. There is no mention of how the research involves or benefits the community or patients, which is essential for scoring in this subcategory."
10.1172_jci85939.pdf,boundary_crossing_partnerships_rubric,B3,0,"The provided sections do not demonstrate any evidence of partnership incentives, reward systems, or policy support related to boundary-crossing partnerships. The focus is primarily on experimental methods and findings without any mention of collaborative efforts, incentives for partnerships, or supportive policies that would indicate a framework for boundary-crossing partnerships."
10.1172_jci85939.pdf,cross_disciplinary_team_science_rubric,T1,0,"The provided sections do not demonstrate evidence of interdisciplinary, multi-professional, or cross-field collaboration. The focus is primarily on specific experimental methods and findings related to podocyte biology and TNF signaling, without any indication of contributions from diverse fields or professions. There are no mentions of collaboration with experts from different disciplines or integration of varied scientific perspectives, which are essential for scoring in this subcategory."
10.1172_jci85939.pdf,cross_disciplinary_team_science_rubric,T2,1,"The publication demonstrates some elements of knowledge integration and a holistic approach, particularly in discussing the interplay between local and systemic factors affecting TNF expression and podocyte injury. However, the integration of knowledge across different disciplines is not fully realized, as the focus remains primarily on specific molecular mechanisms without a broader interdisciplinary perspective. The mention of various factors and their interactions suggests an attempt at a holistic understanding, but it lacks a comprehensive integration of diverse scientific fields."
10.1172_jci85939.pdf,cross_disciplinary_team_science_rubric,T3,0,"The provided sections do not demonstrate evidence of team leadership, shared resources, or team policies. There is no mention of a cross-disciplinary team or collaborative efforts among different scientific disciplines. The focus is primarily on experimental methods and findings without any indication of how team dynamics or shared resources were utilized in the research process."
10.1172_jci85939.pdf,generalizable_solutions_rubric,G1,1,"The publication discusses various operational challenges related to the modulation of local TNF pathway activation in podocytes, indicating potential bottlenecks in understanding the complex interactions between local and systemic factors. However, it does not explicitly address multiple projects or provide a comprehensive framework for generalizable solutions to these challenges. The focus is primarily on specific experimental findings rather than broader implications or strategies that could be applied across different contexts or projects."
10.1172_jci85939.pdf,generalizable_solutions_rubric,G2,1,"The publication discusses specific mechanisms related to TNF expression and its effects on podocyte injury in FSGS and minimal-change disease, indicating some common solutions across these conditions. However, the focus remains primarily on the specific disease contexts rather than providing a broader range of generalizable solutions applicable across multiple diseases. While there are hints at common pathways (e.g., TNF's role in different cell types), the evidence does not strongly support a wide applicability across various diseases, which limits the score to 1."
10.1172_jci85939.pdf,generalizable_solutions_rubric,G3,0,"The provided sections do not demonstrate the principle of generalizable solutions, particularly in the context of shared resources, policies, or organizational environment. The focus is primarily on specific experimental methods and findings related to podocyte injury and TNF expression in glomerular diseases, without addressing broader implications or applications that could be generalized to other contexts or settings. There is no mention of shared resources or policies that could facilitate the application of these findings in a wider organizational or research environment."
10.1038_s41541-024-00964-3.pdf,bold_rigorous_research_approaches_rubric,R1,1,"The research utilizes a large and diverse dataset (N3C) to investigate the incidence of acute kidney injury (AKI) in COVID-19 patients compared to vaccinated individuals, which reflects an ambitious approach. However, while the study addresses significant health concerns and employs rigorous methods, it does not clearly indicate a paradigm shift or high-risk elements typically associated with a score of 2. The focus on comparative analysis within existing frameworks suggests a more conventional research approach rather than one that is highly innovative or transformative."
10.1038_s41541-024-00964-3.pdf,bold_rigorous_research_approaches_rubric,R2,2,"The publication demonstrates rigorous methods through the use of a large, de-identified dataset (N3C) sourced from over 98 medical institutions, which enhances the robustness and reproducibility of the research. The study design is a comparative retrospective observational cohort, which is appropriate for the research question. The use of SQL, Python, and R programming languages, along with various statistical packages, indicates a robust analytical approach. Additionally, the ethical considerations are well addressed, with appropriate IRB approvals and data usage authorizations. The methods employed are clearly outlined, and the study's findings are supported by statistical analyses, contributing to the overall rigor and reproducibility of the research."
10.1038_s41541-024-00964-3.pdf,bold_rigorous_research_approaches_rubric,R3,2,"The research publication demonstrates a high level of rigor in its approach by utilizing a large, de-identified dataset (N3C) sourced from over 98 medical institutions, which enhances the reproducibility of the findings. The study design is a comparative retrospective observational cohort, which is appropriate for the research question. The methods employed for analysis, including SQL, Python, and R, indicate a robust testing framework. Additionally, the study adheres to ethical standards with proper IRB approvals and data usage authorizations. The sharing of data and the comprehensive nature of the dataset contribute to the high-reward potential of the research, fulfilling the criteria outlined in the rubric for subcategory R3."
10.1038_s41541-024-00964-3.pdf,boundary_crossing_partnerships_rubric,B1,2,"The publication demonstrates strong evidence of cross-sector partnerships, particularly through its collaboration with the NIH and the use of the N3C dataset, which aggregates data from over 98 medical institutions across the United States. This indicates a clear industry-academia collaboration, as the research leverages extensive clinical data for its study. Additionally, the acknowledgment of multiple funding sources, including NIH grants and other institutions, further supports the presence of cross-sector partnerships in the research."
10.1038_s41541-024-00964-3.pdf,boundary_crossing_partnerships_rubric,B2,0,"The publication does not demonstrate the principle of 'boundary_crossing_partnerships_rubric' in the subcategory 'B2' as it lacks evidence of community engagement, patient involvement, or collaborative research. The methods section primarily focuses on the technical aspects of data collection and analysis without mentioning any partnerships with community members or patients, nor does it indicate any collaborative efforts with external stakeholders."
10.1038_s41541-024-00964-3.pdf,boundary_crossing_partnerships_rubric,B3,1,"The publication mentions partnerships with various institutions, including the NIH and Johns Hopkins University, which indicates some level of collaboration. However, there is limited information on specific partnership incentives, reward systems, or policy support that would demonstrate a robust implementation of boundary-crossing partnerships. The acknowledgment of funding sources suggests some support but does not elaborate on how these partnerships incentivize collaboration or support policy initiatives. Thus, it meets the criteria minimally."
10.1038_s41541-024-00964-3.pdf,cross_disciplinary_team_science_rubric,T1,2,"The publication demonstrates a strong implementation of the 'cross_disciplinary_team_science_rubric' subcategory 'T1' by utilizing a diverse dataset (N3C) sourced from over 98 medical institutions, indicating a multi-professional and interdisciplinary approach. The study design incorporates various methodologies and programming languages (SQL, Python, R), which further emphasizes collaboration across different fields of expertise. Additionally, the involvement of multiple institutions and ethical oversight from various boards suggests a comprehensive cross-disciplinary effort in addressing the research question related to COVID-19 and acute kidney injury."
10.1038_s41541-024-00964-3.pdf,cross_disciplinary_team_science_rubric,T2,2,"The publication demonstrates a strong integration of knowledge across multiple disciplines by utilizing a comprehensive dataset (N3C) that aggregates clinical data from over 98 medical institutions. The study employs a holistic approach by analyzing various factors related to acute kidney injury (AKI) in COVID-19 patients, considering different strains of the virus and types of vaccines. The use of diverse programming languages and statistical methods further indicates a collaborative effort to synthesize knowledge from epidemiology, clinical research, and data science, fulfilling the criteria for knowledge integration and a holistic approach."
10.1038_s41541-024-00964-3.pdf,cross_disciplinary_team_science_rubric,T3,1,"The publication demonstrates some aspects of the 'T3' subcategory of the cross-disciplinary team science rubric, particularly in terms of shared resources and team policies. The use of the N3C dataset, which aggregates data from over 98 medical institutions, indicates a collaborative effort and shared resources among various institutions. Additionally, the mention of ethics approval and adherence to institutional review board protocols suggests the presence of team policies guiding the research. However, there is limited information on team leadership, which prevents a higher score."
10.1038_s41541-024-00964-3.pdf,generalizable_solutions_rubric,G1,1,"The publication discusses the use of a large, diverse dataset (N3C) sourced from over 98 medical institutions, which indicates an effort to address operational challenges and bottlenecks in data collection and analysis. However, while it mentions various methods and analyses, it does not explicitly identify or discuss specific roadblocks encountered during the research process or how these were overcome. The focus is more on the methodology and findings rather than on generalizable solutions to challenges faced in similar research contexts. Thus, it partially meets the criteria for generalizable solutions but lacks comprehensive detail on overcoming operational challenges."
10.1038_s41541-024-00964-3.pdf,generalizable_solutions_rubric,G2,2,"The research publication utilizes the N3C dataset, which aggregates data from over 20 million individuals across more than 98 medical institutions in the United States, indicating a broad and diverse range of conditions. The study design includes comparative analyses of acute kidney injury (AKI) across different COVID-19 variants and vaccine types, demonstrating common solutions applicable to various patient demographics and conditions. This approach supports the principle of generalizable solutions by addressing AKI in the context of COVID-19 infection and vaccination, which can be relevant across different diseases and health conditions."
10.1038_s41541-024-00964-3.pdf,generalizable_solutions_rubric,G3,2,"The research publication demonstrates the principle of generalizable solutions by utilizing the N3C dataset, which aggregates data from over 98 medical institutions across the United States, thus providing a broad and diverse organizational environment. The study's design and methods leverage shared resources, such as the N3C Data Enclave, which is managed under NIH authority, ensuring that the findings can be applicable across various settings. The use of a large cohort of over 20 million individuals, including a significant number of COVID-19 patients, enhances the generalizability of the results. Additionally, the study's focus on different strains of the virus and types of vaccines further supports the applicability of the findings to different populations and contexts."
10.21037_gpm.2019.09.04.pdf,bold_rigorous_research_approaches_rubric,R1,1,"The publication discusses various aspects of male infertility and the implications of sperm analysis (SA) results, which indicates a focus on advancing understanding in this field. However, while it addresses important clinical outcomes and treatment options, it does not clearly present ambitious research or high-risk approaches that could lead to a paradigm shift or major advances. The findings are relevant and contribute to existing knowledge, but they do not fully embody the boldness or rigor associated with the highest scoring criteria in this rubric."
10.21037_gpm.2019.09.04.pdf,bold_rigorous_research_approaches_rubric,R2,1,"The publication demonstrates some rigorous methods, particularly in the context of systematic reviews and meta-analyses, which are mentioned in the relevant sections. However, it lacks comprehensive details on reproducibility, FAIR data principles, and a robust approach to methodology. While there are references to various studies and findings, the overall presentation does not fully meet the criteria for a score of 2, as it does not provide sufficient evidence of rigorous methods or a clear framework for reproducibility and data management."
10.21037_gpm.2019.09.04.pdf,bold_rigorous_research_approaches_rubric,R3,1,"The publication demonstrates some elements of rigorous research approaches, particularly in the context of discussing the importance of sperm analysis (SA) and its implications for fertility treatment. It highlights the need for referrals based on specific SA findings, such as azoospermia, and emphasizes the importance of accurate testing and genetic evaluations. However, while there is mention of systematic reviews and meta-analyses, the publication lacks explicit details on high-reward research, reproducibility, and data sharing, which are critical for a higher score. Therefore, it meets the criteria to a limited extent but does not fully embody the principles of rigorous testing and high-reward research."
10.21037_gpm.2019.09.04.pdf,boundary_crossing_partnerships_rubric,B1,0,"The provided sections do not demonstrate any evidence of cross-sector partnerships or industry-academia collaboration. The content primarily focuses on clinical findings and methodologies related to male infertility and assisted reproductive technology without mentioning any partnerships or collaborations with industry or other sectors. Therefore, it does not meet the criteria for the 'boundary_crossing_partnerships_rubric' subcategory 'B1'."
10.21037_gpm.2019.09.04.pdf,boundary_crossing_partnerships_rubric,B2,0,"The provided sections do not demonstrate evidence of community engagement, patient involvement, or collaborative research. The focus is primarily on clinical findings and methodologies related to male infertility and sperm analysis without any mention of partnerships with community members or patients in the research process. There is no indication of collaborative efforts that would involve stakeholders outside of the research team, which is essential for scoring in this subcategory."
10.21037_gpm.2019.09.04.pdf,boundary_crossing_partnerships_rubric,B3,0,"The relevant sections do not provide any evidence of partnership incentives, reward systems, or policy support related to boundary-crossing partnerships. The focus is primarily on clinical outcomes and methodologies without discussing collaborative efforts or incentives that would indicate a partnership framework."
10.21037_gpm.2019.09.04.pdf,cross_disciplinary_team_science_rubric,T1,1,"The publication discusses various aspects of male infertility and assisted reproductive technology, indicating a focus on interdisciplinary approaches involving urology, gynecology, and reproductive medicine. However, while there are references to multiple professionals and methodologies, the evidence of a fully integrated cross-disciplinary team is limited. The references primarily highlight individual studies rather than a cohesive team effort across fields, which is necessary for a higher score."
10.21037_gpm.2019.09.04.pdf,cross_disciplinary_team_science_rubric,T2,1,"The publication demonstrates some elements of knowledge integration and a holistic approach, particularly in discussing the implications of semen analysis (SA) results and the need for referrals based on those results. It highlights the importance of understanding the broader context of male infertility, such as the impact of updated WHO guidelines on the classification of oligospermia and the necessity for comprehensive evaluations in cases of azoospermia. However, the integration of knowledge across disciplines is not fully realized, as the focus remains primarily on clinical outcomes without extensive collaboration or input from diverse fields. Thus, it meets the criteria for a score of 1, indicating partial implementation of the principle."
10.21037_gpm.2019.09.04.pdf,cross_disciplinary_team_science_rubric,T3,0,"The relevant sections do not provide evidence of team leadership, shared resources, or team policies. The focus is primarily on clinical findings and methodologies related to male infertility and assisted reproduction, without any mention of collaborative efforts or structured team dynamics that would indicate a cross-disciplinary approach."
10.21037_gpm.2019.09.04.pdf,generalizable_solutions_rubric,G1,1,"The publication discusses various operational challenges related to male infertility, such as the need for referrals based on semen analysis results and the implications of updated WHO guidelines. It highlights bottlenecks in the treatment of azoospermia and the importance of genetic evaluations, indicating an awareness of roadblocks in clinical practice. However, it does not provide a comprehensive exploration of generalizable solutions across multiple projects or settings, which limits its score to 1."
10.21037_gpm.2019.09.04.pdf,generalizable_solutions_rubric,G2,1,"The publication discusses various male infertility issues and treatments, indicating some common solutions across different conditions, such as the impact of sperm DNA fragmentation and the importance of genetic evaluations in cases of azoospermia. However, it does not provide a comprehensive overview of solutions that are generalizable across a wide range of diseases or conditions, which limits its applicability. Therefore, it partially meets the criteria for generalizable solutions but does not fully demonstrate the principle."
10.21037_gpm.2019.09.04.pdf,generalizable_solutions_rubric,G3,1,"The publication discusses the importance of shared resources and policies in the context of male infertility, particularly regarding the updated WHO guidelines for semen analysis (SA) and the implications for treatment options. It highlights how changes in reference limits can affect patient categorization and treatment recommendations, indicating an awareness of the organizational environment in reproductive health. However, while there is some mention of shared resources and policies, the depth of discussion is limited, preventing a higher score."
10.1101_2022.12.02.22283029.pdf,bold_rigorous_research_approaches_rubric,R1,1,"The research publication demonstrates some elements of ambitious research by investigating the temporal relationship between SARS-CoV-2 infection and new onset diabetes, which is a relevant and timely topic given the ongoing pandemic. However, while the study utilizes a large and diverse dataset (the N3C database), it does not clearly indicate a paradigm shift or high-risk approach, nor does it suggest major advances in understanding the relationship between COVID-19 and diabetes. The findings underscore the need for further investigation rather than presenting a bold, transformative conclusion. Thus, it meets the criteria for a score of 1, indicating some ambition but lacking the full impact of a higher score."
10.1101_2022.12.02.22283029.pdf,bold_rigorous_research_approaches_rubric,R2,2,"The research publication demonstrates rigorous methods by utilizing a large, nation-wide database (N3C) that aggregates electronic health records from over 70 institutions, which enhances the robustness and reproducibility of the findings. The study design includes measures to reduce bias, such as restricting the sample to patients with prior healthcare encounters and ensuring a minimum follow-up period. The definitions of SARS-CoV-2 infection and type 2 diabetes are clearly stated, and the use of standardized coding (ICD and SNOMED) adds to the reliability of the data. Additionally, the analysis is conducted in a secure computing environment using appropriate statistical software, further supporting the rigor of the research approach. Overall, the methods align well with the principles of rigorous research, reproducibility, and robust data handling."
10.1101_2022.12.02.22283029.pdf,bold_rigorous_research_approaches_rubric,R3,2,"The research publication demonstrates a high-reward research approach by utilizing a large, national database (N3C) to investigate the temporal relationship between SARS-CoV-2 infection and new onset diabetes, which is a significant public health concern. The methods employed are rigorous, including the restriction of the sample to patients with prior healthcare encounters to reduce bias, and the use of validated ICD codes for diabetes diagnosis. The study also emphasizes the importance of reproducibility and sharing data, as it aggregates data from over 70 institutions. The analyses are clearly defined and presented, showcasing a thorough testing of the hypothesis regarding the relationship between COVID-19 and diabetes onset. Overall, the publication adheres to the principles of rigorous testing and high-reward research, justifying a score of 2."
10.1101_2022.12.02.22283029.pdf,boundary_crossing_partnerships_rubric,B1,0,"The publication does not demonstrate the principle of 'boundary_crossing_partnerships_rubric' in subcategory 'B1'. While it utilizes the N3C database, which aggregates data from over 70 institutions, there is no explicit mention of cross-sector partnerships or collaborations between industry and academia. The focus is primarily on the analysis of data related to diabetes and SARS-CoV-2 without highlighting any collaborative efforts that would indicate a partnership across different sectors."
10.1101_2022.12.02.22283029.pdf,boundary_crossing_partnerships_rubric,B2,0,"The publication does not demonstrate community engagement, patient involvement, or collaborative research as outlined in the 'boundary_crossing_partnerships_rubric' subcategory B2. The methods section primarily describes a data analysis using the N3C database without any mention of engaging with the community or involving patients in the research process. There is no indication of collaboration with community stakeholders or patients, which are essential components for scoring in this rubric."
10.1101_2022.12.02.22283029.pdf,boundary_crossing_partnerships_rubric,B3,0,"The publication does not demonstrate the principle of 'boundary_crossing_partnerships_rubric' in subcategory 'B3'. There is no mention of partnership incentives, reward systems, or policy support within the provided sections. The focus is primarily on the methodology and results of the study without addressing collaborative efforts or incentives that would indicate a partnership approach."
10.1101_2022.12.02.22283029.pdf,cross_disciplinary_team_science_rubric,T1,1,"The publication demonstrates some elements of interdisciplinary and cross-field collaboration, particularly through the use of the N3C database, which aggregates data from over 70 institutions. This suggests a multi-professional approach to research on the relationship between SARS-CoV-2 infection and new onset diabetes. However, the text does not explicitly mention collaboration among diverse professional fields or disciplines beyond the clinical context, which limits the score to a 1 rather than a 2."
10.1101_2022.12.02.22283029.pdf,cross_disciplinary_team_science_rubric,T2,1,"The publication demonstrates some elements of knowledge integration and a holistic approach by utilizing a large, nation-wide database (N3C) that aggregates data from multiple institutions. This approach allows for a broader understanding of the relationship between SARS-CoV-2 infection and new onset diabetes, indicating an effort to integrate knowledge across different healthcare settings. However, the methods primarily focus on a specific analysis without explicitly detailing how insights from various disciplines or perspectives were integrated, which limits the score to a 1 rather than a 2."
10.1101_2022.12.02.22283029.pdf,cross_disciplinary_team_science_rubric,T3,0,"The publication does not provide evidence of team leadership, shared resources, or team policies. While it mentions the use of the N3C database, which aggregates data from multiple institutions, there is no indication of collaborative team dynamics or policies that facilitate cross-disciplinary teamwork. The methods and results sections focus primarily on the analysis of data without discussing the roles of team members or how resources were shared among them. Therefore, it does not meet the criteria for the 'T3' subcategory of the rubric."
10.1101_2022.12.02.22283029.pdf,generalizable_solutions_rubric,G1,1,"The publication discusses the operational challenges related to the identification of new diabetes cases in the context of SARS-CoV-2 infection, highlighting potential bottlenecks such as the timing of diagnoses and the healthcare system's interaction with patients. However, it does not provide a comprehensive exploration of multiple projects or a broader discussion of generalizable solutions to these challenges, which limits its score to a 1."
10.1101_2022.12.02.22283029.pdf,generalizable_solutions_rubric,G2,0,"The publication focuses specifically on the relationship between SARS-CoV-2 infection and new onset diabetes, without addressing common solutions or generalizable findings across a range of diseases or conditions. The study is limited to a specific context (COVID-19 and type 2 diabetes) and does not provide insights that could be applied to other diseases or conditions, which is necessary for a higher score in the 'generalizable_solutions_rubric' subcategory G2."
10.1101_2022.12.02.22283029.pdf,generalizable_solutions_rubric,G3,1,"The publication demonstrates some aspects of generalizable solutions, particularly through the use of a large, nation-wide database (N3C) that aggregates data from over 70 institutions. This suggests a shared resource that could potentially inform policies and practices across various organizational environments. However, the focus is primarily on the specific relationship between SARS-CoV-2 infection and new onset diabetes, which may limit the broader applicability of the findings. The study does not explicitly discuss how the results could be translated into policies or organizational changes, which is necessary for a higher score. Thus, while there is some evidence of shared resources, the lack of clear implications for policies or organizational environments keeps the score at 1."
10.1017_cts.2024.13.pdf,bold_rigorous_research_approaches_rubric,R1,1,"The research publication demonstrates some elements of ambitious research by exploring the inclusion of non-English speakers in clinical and translational research, which addresses a significant gap in the field. However, while the study employs rigorous methods such as key informant interviews and thematic analysis, it does not clearly indicate a high-risk or paradigm-shifting approach. The focus on practical strategies and recommendations suggests a more incremental advance rather than a major breakthrough, which limits the score to a 1 rather than a 2."
10.1017_cts.2024.13.pdf,bold_rigorous_research_approaches_rubric,R2,2,"The research publication demonstrates a rigorous approach through the use of key informant interviews, purposive sampling, and thematic analysis, which are all well-defined methods. The study includes a clear description of the data management and analysis process, ensuring reproducibility. The involvement of a diverse team in developing the interview guide and the systematic approach to coding and theme identification further supports the robustness of the research. Additionally, the study's adherence to ethical standards, as evidenced by Institutional Review Board approval, enhances its credibility. Overall, the methods employed align well with the principles of rigorous methods, reproducibility, and a robust approach, fulfilling the criteria for this subcategory."
10.1017_cts.2024.13.pdf,bold_rigorous_research_approaches_rubric,R3,2,"The research publication demonstrates a rigorous approach to high-reward research by employing a well-defined methodology that includes purposive sampling, key informant interviews, and thematic analysis. The study's design emphasizes reproducibility through detailed documentation of methods and data management processes. Additionally, the involvement of multiple investigators in developing the interview guide and the collaborative analysis of data reflect a commitment to rigorous testing and sharing findings with key informants for feedback. Overall, the publication adheres to the principles of rigorous research approaches, making it deserving of a score of 2."
10.1017_cts.2024.13.pdf,boundary_crossing_partnerships_rubric,B1,2,"The research publication demonstrates a strong implementation of the principle 'boundary_crossing_partnerships_rubric' in subcategory 'B1'. The study involves key informant interviews with CTSA hubs, which indicates a cross-sector partnership between academia and industry (specifically, clinical and translational research). The collaboration includes a diverse team of investigators with expertise in community engagement, health equity, and immigrant health research, highlighting the importance of cross-sector partnerships. Additionally, the study emphasizes the inclusion of individuals from non-English speaking backgrounds, which aligns with the goals of industry-academia collaboration to address health disparities. The engagement of key informants from various hubs and the sharing of findings back with them further exemplify the collaborative nature of the research, reinforcing the score of 2."
10.1017_cts.2024.13.pdf,boundary_crossing_partnerships_rubric,B2,2,"The research publication demonstrates strong community engagement and patient involvement through its methods, which include key informant interviews with CTSA hubs focused on language inclusion. The study actively involves key informants from diverse backgrounds, ensuring that their insights and experiences contribute to the research. The collaborative nature of the research is evident in the development of the interview guide by a team of investigators with expertise in community engagement and health equity. Additionally, the feedback from key informants on the strategies identified in the study further emphasizes the collaborative research approach. Overall, the publication effectively embodies the principles of boundary-crossing partnerships by engaging with community stakeholders and incorporating their perspectives into the research process."
10.1017_cts.2024.13.pdf,boundary_crossing_partnerships_rubric,B3,2,"The research publication demonstrates a strong implementation of the 'boundary_crossing_partnerships_rubric' subcategory 'B3' by highlighting partnership incentives, reward systems, and policy support. The study involved key informant interviews with CTSA hubs, indicating collaboration and engagement with various stakeholders to explore strategies for linguistic inclusion in clinical research. The involvement of a diverse team of investigators and the interest expressed by key informants in participating in the interpretation and dissemination of findings further exemplify a commitment to partnership and shared goals. Additionally, the study's focus on organizational policies and procedures to support inclusion efforts aligns with the principles of effective partnership incentives and policy support. Overall, the publication reflects a comprehensive approach to fostering partnerships that enhance research inclusivity."
10.1017_cts.2024.13.pdf,cross_disciplinary_team_science_rubric,T1,2,"The research publication demonstrates a strong implementation of the principle of cross-disciplinary team science, particularly in subcategory T1. The study involved a collaborative team of investigators from various fields, including community engagement, health equity, regulatory affairs, and immigrant health research, indicating a multi-professional approach. The use of key informant interviews across multiple CTSA hubs further emphasizes the interdisciplinary nature of the research, as it incorporates diverse perspectives and expertise to address the issue of linguistic diversity in clinical and translational research. The engagement of doctoral students alongside the principal investigator also highlights the inclusion of different professional levels in the research process, reinforcing the cross-field collaboration. Overall, the methods and collaborative efforts described align well with the keywords of interdisciplinary, multi-professional, and cross-field, warranting a score of 2."
10.1017_cts.2024.13.pdf,cross_disciplinary_team_science_rubric,T2,2,"The research publication demonstrates a strong implementation of the principle of knowledge integration and a holistic approach through its comprehensive methodology. The study involved collaboration among a diverse team of investigators with expertise in various relevant fields, such as community engagement, health equity, and immigrant health research. This collaboration indicates a commitment to integrating knowledge from different disciplines. Additionally, the use of key informant interviews and thematic analysis reflects a holistic approach to understanding the complexities of linguistic diversity in clinical and translational research. The findings were also shared back with key informants for their input, further emphasizing the integration of knowledge and perspectives from multiple stakeholders."
10.1017_cts.2024.13.pdf,cross_disciplinary_team_science_rubric,T3,2,"The research publication demonstrates strong implementation of the 'T3' subcategory of the cross-disciplinary team science rubric. The study involved a collaborative effort among a team of investigators with diverse expertise, including community engagement, health equity, and immigrant health research, indicating effective team leadership. The use of shared resources is evident through the development of the interview guide and the thematic analysis conducted by multiple team members. Additionally, the study outlines team policies regarding participant engagement and data management, showcasing a structured approach to collaboration and resource sharing. Overall, the publication reflects a well-organized and policy-driven team science effort."
10.1017_cts.2024.13.pdf,generalizable_solutions_rubric,G1,2,"The research publication effectively identifies and addresses operational challenges related to linguistic diversity in clinical and translational research. It highlights bottlenecks and roadblocks faced by CTSA hubs in engaging non-English speaking populations, as evidenced by the detailed methods section that outlines the purposive sampling of hubs and the structured interviews conducted with key informants. The study not only explores the challenges but also provides recommendations and strategies for overcoming these issues, demonstrating a clear understanding of the complexities involved in managing multiple projects aimed at increasing inclusion. The findings are organized using a framework that allows for generalizable solutions, making the research applicable to other contexts facing similar operational challenges."
10.1017_cts.2024.13.pdf,generalizable_solutions_rubric,G2,2,"The research publication demonstrates the principle of generalizable solutions by exploring strategies for increasing linguistic diversity in clinical and translational research across various CTSA hubs. The study includes a range of conditions by focusing on the inclusion of individuals who speak languages other than English, which is relevant across different diseases and populations. The methods section outlines a systematic approach to identifying common solutions through key informant interviews and thematic analysis, indicating that the findings can be applicable to multiple contexts and settings. This aligns well with the rubric's emphasis on common solutions across diseases and a range of conditions."
10.1017_cts.2024.13.pdf,generalizable_solutions_rubric,G3,2,"The research publication demonstrates the principle of generalizable solutions, particularly in subcategory G3, by effectively utilizing shared resources and organizational policies to enhance linguistic diversity in clinical and translational research. The methods section outlines a systematic approach to gathering data from CTSA hubs, highlighting the importance of organizational policies and the environment in promoting language inclusion. The study identifies specific strategies and recommendations that can be shared across different hubs, indicating a clear focus on generalizability and the potential for broader application of findings. The involvement of key informants and the collaborative development of the interview guide further emphasize the organizational environment's role in fostering inclusive practices."
10.1186_s40200-017-0307-5.pdf,bold_rigorous_research_approaches_rubric,R1,1,"The research publication demonstrates some elements of ambitious research by assessing the accuracy of the ANS-1 system to detect microcirculatory disorders and peripheral neuropathy symptoms in patients with retinopathy. However, it does not clearly indicate a paradigm shift or high-risk approach, nor does it suggest that the research aims for major advances in the field. The study appears to be exploratory and methodical rather than bold or high-risk, which limits its score to a 1."
10.1186_s40200-017-0307-5.pdf,bold_rigorous_research_approaches_rubric,R2,2,"The research publication demonstrates rigorous methods through a well-defined study design, including clear inclusion and exclusion criteria, a systematic approach to participant selection, and the use of validated assessment tools (e.g., ANS-1 system, SF-36). The statistical analyses employed (Spearman rank correlations, independent samples t-tests, and receiver operating characteristic curves) indicate a robust approach to data analysis, enhancing the reproducibility of the findings. Additionally, the study was conducted with ethical oversight from an Institutional Review Board, which further supports the rigor of the research methods. Overall, the methods align well with the principles of rigorous research, reproducibility, and robust approaches."
10.1186_s40200-017-0307-5.pdf,bold_rigorous_research_approaches_rubric,R3,2,"The research publication demonstrates a rigorous approach to testing the ANS-1 system for detecting microcirculatory disorders and peripheral neuropathy symptoms. The study includes a well-defined methodology with clear inclusion and exclusion criteria, a sufficient sample size, and appropriate statistical analyses (Spearman rank correlations, independent samples t-tests, and receiver operating characteristic curves) to assess the system's accuracy. The use of FDA-cleared technology and the detailed description of the ANS-1 system further support the rigor of the research. Additionally, the study's aim to address high-reward research in the context of retinopathy and the sharing of data through open access enhances its reproducibility and impact. Overall, the publication meets the criteria for high-quality, rigorous research approaches."
10.1186_s40200-017-0307-5.pdf,boundary_crossing_partnerships_rubric,B1,0,The publication does not demonstrate the principle of 'boundary_crossing_partnerships_rubric' in subcategory 'B1' as it lacks evidence of cross-sector partnerships or industry-academia collaboration. The study appears to be conducted solely within an academic setting (University of Miami) without mention of collaboration with industry partners or other sectors. The focus is primarily on the methodology and results of the research without any indication of partnerships that would align with the rubric's criteria.
10.1186_s40200-017-0307-5.pdf,boundary_crossing_partnerships_rubric,B2,0,"The provided sections do not demonstrate evidence of community engagement, patient involvement, or collaborative research. The methods focus primarily on the technical aspects of the study and participant selection criteria without indicating any active participation or collaboration with the community or patients in the research process. There is no mention of how the research addresses community needs or incorporates patient perspectives, which are essential for scoring in this subcategory."
10.1186_s40200-017-0307-5.pdf,boundary_crossing_partnerships_rubric,B3,0,"The provided sections do not demonstrate any evidence of partnership incentives, reward systems, or policy support related to boundary-crossing partnerships. The focus is primarily on the methods and design of the study, including participant selection and the technical description of the ANS-1 system, without any mention of collaborative efforts or incentives that would indicate a partnership framework."
10.1186_s40200-017-0307-5.pdf,cross_disciplinary_team_science_rubric,T1,0,"The provided sections do not demonstrate the principle of cross-disciplinary team science, as there is no indication of interdisciplinary, multi-professional, or cross-field collaboration. The methods and study design focus solely on the evaluation of a specific system (ANS-1) and its application in a medical context without mentioning contributions or perspectives from different disciplines or professions."
10.1186_s40200-017-0307-5.pdf,cross_disciplinary_team_science_rubric,T2,1,"The publication demonstrates some elements of knowledge integration and a holistic approach by assessing multiple health indicators (microcirculatory disorders, inflammatory markers, and peripheral neuropathy symptoms) in patients with retinopathy. However, the methods primarily focus on specific measurements and statistical analyses without a clear indication of how these diverse aspects are integrated into a broader understanding of the conditions being studied. Thus, while there is an attempt at a holistic approach, it is not fully realized, leading to a score of 1."
10.1186_s40200-017-0307-5.pdf,cross_disciplinary_team_science_rubric,T3,0,"The provided sections do not demonstrate evidence of team leadership, shared resources, or team policies. The methods focus primarily on the study design, participant selection, and the technical description of the ANS-1 system without mentioning any collaborative efforts, leadership roles, or resource sharing among a cross-disciplinary team. There is no indication of policies guiding team interactions or resource management."
10.1186_s40200-017-0307-5.pdf,generalizable_solutions_rubric,G1,0,"The provided sections do not address any bottlenecks, roadblocks, multiple projects, or operational challenges related to the research. The focus is primarily on the methods and design of the study without discussing any generalizable solutions or challenges faced during the research process. Therefore, it does not meet the criteria for the 'generalizable_solutions_rubric' subcategory 'G1'."
10.1186_s40200-017-0307-5.pdf,generalizable_solutions_rubric,G2,0,"The study focuses specifically on retinopathy patients and healthy controls, without addressing the applicability of the ANS-1 system across a range of diseases or conditions. There is no mention of common solutions or generalizability of findings to other diseases, which is necessary to meet the criteria for the 'generalizable_solutions_rubric' subcategory G2. The research appears limited to a specific condition (retinopathy) and does not explore broader implications or applications."
10.1186_s40200-017-0307-5.pdf,generalizable_solutions_rubric,G3,0,"The publication does not demonstrate the principle of generalizable solutions in the subcategory 'G3' as it lacks discussion on shared resources, policies, or the organizational environment. The methods section primarily focuses on the study design, participant selection, and technical details of the ANS-1 system without addressing how the findings could be applied or shared across different settings or organizations. There is no mention of policies or frameworks that could facilitate the generalization of the research outcomes."
10.1371_journal.pntd.0006000.pdf,bold_rigorous_research_approaches_rubric,R1,1,"The research publication demonstrates some elements of ambitious research and high-risk approaches, particularly in its investigation of Zika virus (ZIKV) infection and immune response characterization. The methods employed, such as the use of qRT-PCR for viral RNA quantification and phylogenetic analysis of ZIKV genomes, indicate a rigorous approach to understanding a significant public health issue. However, while the research is methodologically sound, it does not clearly indicate a paradigm shift or major advances that would warrant a higher score. The focus appears to be on characterizing the immune response rather than proposing groundbreaking new theories or methodologies."
10.1371_journal.pntd.0006000.pdf,bold_rigorous_research_approaches_rubric,R2,2,"The methods section demonstrates rigorous research approaches through detailed descriptions of the methodologies used, including ethical compliance, sample collection, and specific techniques for ZIKV quantification and sequencing. The use of established protocols, such as qRT-PCR for viral RNA extraction and phylogenetic analysis with robust statistical methods, indicates a strong commitment to reproducibility and reliability. Additionally, the mention of data availability (consensus sequence on GenBank) aligns with the FAIR data principles, ensuring that the research can be verified and built upon by others. Overall, the thoroughness and adherence to rigorous methods support a high score in this subcategory."
10.1371_journal.pntd.0006000.pdf,bold_rigorous_research_approaches_rubric,R3,2,"The methods section demonstrates a rigorous approach to research by detailing ethical compliance, informed consent, and adherence to established protocols for human subject research. The use of multiple techniques for ZIKV quantification and sequencing, including qRT-PCR and phylogenetic analysis, indicates a high level of methodological rigor. Additionally, the study shares data through the availability of consensus sequences on GenBank, promoting reproducibility. The comprehensive description of experimental procedures and the use of controls further support the robustness of the research, aligning well with the principles of high-reward research and rigorous testing."
10.1371_journal.pntd.0006000.pdf,boundary_crossing_partnerships_rubric,B1,0,"The provided sections do not demonstrate any evidence of cross-sector partnerships or industry-academia collaboration. The methods described focus solely on laboratory techniques and ethical compliance related to human subjects, without mentioning any partnerships with industry or other sectors. There is no indication of collaboration with external organizations or stakeholders that would qualify as a boundary-crossing partnership."
10.1371_journal.pntd.0006000.pdf,boundary_crossing_partnerships_rubric,B2,0,"The provided sections do not demonstrate any evidence of community engagement, patient involvement, or collaborative research. While the research involves a patient (Hu0015) and mentions obtaining written consent, there is no indication of active collaboration with the patient or the community in the research process. The methods focus primarily on technical procedures and data collection without highlighting any partnership or engagement with the patient or community stakeholders. Therefore, it does not meet the criteria for the subcategory 'B2' of the boundary-crossing partnerships rubric."
10.1371_journal.pntd.0006000.pdf,boundary_crossing_partnerships_rubric,B3,0,"The relevant sections provided do not mention any aspects related to partnership incentives, reward systems, or policy support. The focus is primarily on the methods and procedures for conducting the research, without any indication of collaborative partnerships or incentives that would align with the subcategory 'B3' of the boundary-crossing partnerships rubric."
10.1371_journal.pntd.0006000.pdf,cross_disciplinary_team_science_rubric,T1,0,"The provided sections do not demonstrate evidence of interdisciplinary, multi-professional, or cross-field collaboration. The methods described focus primarily on laboratory techniques and procedures related to Zika virus research without mentioning contributions or perspectives from different disciplines or professions. There is no indication of a cross-disciplinary team involved in the research, which is necessary to meet the criteria for this subcategory."
10.1371_journal.pntd.0006000.pdf,cross_disciplinary_team_science_rubric,T2,1,"The methods section demonstrates some degree of knowledge integration and a holistic approach by employing a variety of techniques (e.g., blood sample collection, viral RNA extraction, phylogenetic analysis, and flow cytometric analysis) to study the immune response to ZIKV infection. However, the integration of knowledge across different disciplines or fields is not explicitly detailed, which limits the score to a 1 rather than a 2. The research appears to be primarily focused on virology and immunology without clear evidence of collaboration or integration of knowledge from other disciplines."
10.1371_journal.pntd.0006000.pdf,cross_disciplinary_team_science_rubric,T3,0,"The provided sections do not demonstrate any evidence of team leadership, shared resources, or team policies. The methods described focus primarily on the technical aspects of the research without mentioning any collaborative efforts, leadership structures, or resource sharing among team members. There is no indication of a cross-disciplinary team or policies that facilitate teamwork in the research process."
10.1371_journal.pntd.0006000.pdf,generalizable_solutions_rubric,G1,0,"The provided sections do not address any operational challenges, bottlenecks, or roadblocks related to the research process or the implementation of multiple projects. The methods described focus primarily on the technical aspects of the research without discussing any generalizable solutions or challenges faced during the study. There is no mention of how the findings could be applied to other contexts or projects, which is essential for demonstrating generalizability."
10.1371_journal.pntd.0006000.pdf,generalizable_solutions_rubric,G2,0,"The methods described in the publication focus primarily on a specific case of Zika virus (ZIKV) infection and do not provide evidence of solutions or findings that are applicable across a range of diseases or conditions. There is no mention of common solutions or generalizability of the findings to other diseases, which is necessary to meet the criteria for the 'G2' subcategory. The research appears to be highly specific and does not demonstrate a broader applicability."
10.1371_journal.pntd.0006000.pdf,generalizable_solutions_rubric,G3,0,"The provided sections focus primarily on the methods used for collecting and analyzing data related to Zika virus infection, including ethical considerations and specific laboratory techniques. There is no mention of shared resources, policies, or the organizational environment that would indicate a broader applicability or generalizability of the solutions or findings presented in the research. Therefore, the principle of generalizable solutions, particularly in the context of subcategory G3, is not demonstrated."
10.1186_1471-2431-11-115.pdf,bold_rigorous_research_approaches_rubric,R1,1,"The research demonstrates a moderately ambitious approach by collecting and analyzing birth weight data from multiple hospitals in Botswana, which addresses a significant gap in understanding birth weight norms in a specific population. However, while the study aims to construct birth weight for gestational age charts, it does not clearly indicate a paradigm shift or high-risk approach, nor does it suggest major advances beyond existing knowledge. The methodology is rigorous, but the overall ambition and potential for major advances are limited, justifying a score of 1."
10.1186_1471-2431-11-115.pdf,bold_rigorous_research_approaches_rubric,R2,2,"The research publication demonstrates rigorous methods through a well-defined study population and comprehensive data collection from multiple hospitals in Botswana. The exclusion criteria are clearly outlined, ensuring the integrity of the data by removing outliers and cases that could compromise the results. The statistical methods employed, including quantile regression analyses and Wilcoxon tests, indicate a robust approach to data analysis. Additionally, the use of a large, comprehensive dataset for comparison (U.S. norms) enhances the reproducibility and reliability of the findings. Overall, the methods align well with the principles of rigorous research, reproducibility, and robust approaches, fulfilling the criteria for this subcategory."
10.1186_1471-2431-11-115.pdf,bold_rigorous_research_approaches_rubric,R3,2,"The research publication demonstrates a rigorous approach to data collection and analysis, focusing on high-reward research by constructing birth weight for gestational age charts specific to Botswana. The methods section details a comprehensive data collection process from multiple hospitals, ensuring a diverse and representative sample. The study employs rigorous testing through statistical methods, including quantile regression analyses and Wilcoxon tests, to compare birth weights and assess data accuracy. Additionally, the exclusion criteria for outliers and the involvement of pediatricians in reviewing data further enhance the study's rigor. The use of a well-established U.S. reference for comparison adds to the reproducibility and validity of the findings. Overall, the publication adheres to the principles of high-reward research, rigorous testing, and data sharing, fulfilling the criteria of the rubric."
10.1186_1471-2431-11-115.pdf,boundary_crossing_partnerships_rubric,B1,0,"The publication does not demonstrate the principle of 'boundary_crossing_partnerships_rubric' in subcategory 'B1' as it lacks evidence of cross-sector partnerships or industry-academia collaboration. The methods section primarily describes data collection and analysis within a single context (Botswana) without indicating any collaboration with industry or academic institutions beyond the approval from the Harvard School of Public Health. There is no mention of partnerships with local organizations, industries, or academic entities that would exemplify cross-sector collaboration."
10.1186_1471-2431-11-115.pdf,boundary_crossing_partnerships_rubric,B2,0,"The publication does not demonstrate community engagement, patient involvement, or collaborative research as outlined in the 'boundary_crossing_partnerships_rubric' subcategory B2. The methods section primarily describes data collection and statistical analysis without indicating any involvement of the community or patients in the research process. There is no mention of partnerships with local stakeholders or collaborative efforts that would suggest a commitment to engaging the community in the research."
10.1186_1471-2431-11-115.pdf,boundary_crossing_partnerships_rubric,B3,0,"The relevant sections do not provide any evidence of partnership incentives, reward systems, or policy support related to the research conducted. The methods focus primarily on data collection and analysis without mentioning any collaborative efforts, incentives for partnerships, or supportive policies that would indicate a boundary-crossing partnership."
10.1186_1471-2431-11-115.pdf,cross_disciplinary_team_science_rubric,T1,0,The publication does not demonstrate the principle of cross-disciplinary team science as it primarily focuses on a specific study involving birth weight data collection and analysis in Botswana without evidence of interdisciplinary collaboration or involvement of multi-professional teams. The methods section describes the data collection and statistical analysis but lacks mention of contributions from various fields or professions that would indicate a cross-disciplinary approach.
10.1186_1471-2431-11-115.pdf,cross_disciplinary_team_science_rubric,T2,1,"The research publication demonstrates some elements of knowledge integration and a holistic approach by comparing birth weight data from Botswana with published norms for black infants in the United States. However, the methods primarily focus on data collection and statistical analysis without a clear indication of how interdisciplinary insights were integrated or how a holistic perspective was applied beyond the comparison of datasets. Therefore, while there is some evidence of knowledge integration, it is not fully realized, leading to a score of 1."
10.1186_1471-2431-11-115.pdf,cross_disciplinary_team_science_rubric,T3,0,"The provided sections do not demonstrate evidence of team leadership, shared resources, or team policies. While the study involves multiple hospitals and a collaborative effort in data collection, there is no mention of a structured team leadership or specific team policies guiding the research. Additionally, the sections do not indicate any shared resources among the institutions involved, nor do they describe how team dynamics were managed or facilitated. Therefore, the criteria for subcategory T3 of the cross-disciplinary team science rubric are not met."
10.1186_1471-2431-11-115.pdf,generalizable_solutions_rubric,G1,1,"The publication discusses the collection of birth weight data from multiple hospitals in Botswana, which indicates an effort to address operational challenges in data collection across different healthcare settings. However, while it mentions the use of a comprehensive dataset for comparison (U.S. norms), it does not explicitly identify or discuss any bottlenecks or roadblocks encountered during the research process. The focus is primarily on the methodology and statistical analysis rather than on generalizable solutions to potential challenges faced in similar studies. Therefore, it partially meets the criteria for generalizable solutions but lacks a thorough exploration of the challenges faced."
10.1186_1471-2431-11-115.pdf,generalizable_solutions_rubric,G2,1,"The study focuses on birth weight data collected from multiple hospitals in Botswana and compares it with published norms for black infants in the United States. While it does analyze a specific population (HIV-negative mothers), the methods employed, such as the use of quantile regression analyses and comparison with U.S. norms, suggest that the findings may have relevance beyond the specific context of Botswana. However, the study does not explicitly address common solutions or generalizability across a wide range of conditions or diseases, which limits its score to 1 rather than 2."
10.1186_1471-2431-11-115.pdf,generalizable_solutions_rubric,G3,1,"The research publication demonstrates some aspects of the principle 'generalizable_solutions_rubric' in subcategory 'G3' by utilizing shared resources and policies in the organizational environment of Botswana's healthcare system. The study involved multiple hospitals across different regions of Botswana, indicating a collaborative approach to data collection and analysis. However, while the study's methodology is robust and includes comparisons with established norms from the U.S., it does not explicitly discuss how the findings can be generalized to other settings or populations beyond the specific context of Botswana. Therefore, it partially meets the criteria for generalizability but lacks a comprehensive discussion on broader applicability."
10.1038_s41408-023-00901-y.pdf,bold_rigorous_research_approaches_rubric,R1,2,"The research publication demonstrates ambitious research by analyzing a large cohort of over a million cancer patients, specifically focusing on multiple myeloma patients during the COVID-19 pandemic. The study employs high-risk methodologies such as multivariate logistic regression and causal effect analysis to identify significant associations and protective factors, which could lead to major advances in understanding COVID-19 outcomes in this vulnerable population. The use of a nationwide dataset and the comprehensive approach to data analysis indicate a paradigm shift in how such patient populations are studied, fulfilling the criteria for the 'R1' subcategory of the rubric."
10.1038_s41408-023-00901-y.pdf,bold_rigorous_research_approaches_rubric,R2,2,"The publication demonstrates rigorous methods through the use of advanced statistical techniques such as multivariate logistic regression and Cox proportional hazard analysis, which are appropriate for the study's objectives. The study also utilizes a large and diverse cohort from the N3C consortium, enhancing the robustness and generalizability of the findings. The methods section details the data sources, cohort definitions, and statistical analyses, ensuring transparency and reproducibility. Additionally, the use of matched sample analysis to compute the sample average treatment effect on the treated (SATT) indicates a strong approach to causal inference. Overall, the research adheres to principles of rigorous methods, reproducibility, and robust approaches, fulfilling the criteria for this rubric subcategory."
10.1038_s41408-023-00901-y.pdf,bold_rigorous_research_approaches_rubric,R3,2,"The research publication demonstrates a rigorous approach to high-reward research by utilizing a large and diverse dataset (N3C consortium with over a million cancer patients) and employing robust statistical methods such as multivariate logistic regression and Cox proportional hazard analysis. The study emphasizes reproducibility through the use of standardized coding (SNOMED) and detailed methodology for cohort definition and analysis. Additionally, the matched sample analysis to compute the causal effect of treatment factors indicates a thorough testing of hypotheses. The publication also highlights the sharing of data and findings, contributing to the broader scientific community's understanding of COVID-19 outcomes in multiple myeloma patients. Overall, the methods employed reflect a commitment to rigorous testing and reproducibility, aligning well with the principles outlined in the rubric."
10.1038_s41408-023-00901-y.pdf,boundary_crossing_partnerships_rubric,B1,0,"The provided sections do not demonstrate any evidence of cross-sector partnerships or industry-academia collaboration. The focus is primarily on the methodology and statistical analysis of a study involving cancer patients and COVID-19, without mentioning any partnerships with industry or academic institutions. There are no references to collaborative efforts that would indicate a boundary-crossing partnership as outlined in the rubric."
10.1038_s41408-023-00901-y.pdf,boundary_crossing_partnerships_rubric,B2,0,"The provided sections do not demonstrate evidence of community engagement, patient involvement, or collaborative research. The focus is primarily on statistical analysis and clinical data without any mention of partnerships with community members or patients in the research process. There is no indication that patients were involved in the design, implementation, or dissemination of the research findings, which is essential for scoring in this subcategory."
10.1038_s41408-023-00901-y.pdf,boundary_crossing_partnerships_rubric,B3,0,"The provided sections do not demonstrate any evidence of partnership incentives, reward systems, or policy support related to boundary-crossing partnerships. The focus is primarily on the methodology and statistical analysis of the study without any mention of collaborative efforts, incentives for partnerships, or supportive policies that would indicate a framework for boundary-crossing partnerships."
10.1038_s41408-023-00901-y.pdf,cross_disciplinary_team_science_rubric,T1,1,"The publication demonstrates some elements of interdisciplinary and multi-professional collaboration, particularly through the use of a large, diverse dataset (N3C) that includes contributions from various healthcare sites and professionals. However, the text does not explicitly mention the involvement of cross-disciplinary teams or the integration of knowledge from different fields beyond the clinical and statistical methods employed. Therefore, while there is evidence of a collaborative approach, it does not fully meet the criteria for a higher score."
10.1038_s41408-023-00901-y.pdf,cross_disciplinary_team_science_rubric,T2,1,"The publication demonstrates some aspects of knowledge integration and a holistic approach by utilizing a large, diverse dataset (N3C) that includes various patient demographics and clinical factors. The study employs multivariate analyses to assess the impact of multiple variables on COVID-19 outcomes in myeloma patients, indicating an effort to integrate knowledge from different domains (e.g., demographics, comorbidities, treatment types). However, the integration appears to be primarily statistical rather than a comprehensive interdisciplinary approach involving multiple fields of expertise, which limits the score to 1 rather than 2."
10.1038_s41408-023-00901-y.pdf,cross_disciplinary_team_science_rubric,T3,0,"The provided sections do not demonstrate evidence of team leadership, shared resources, or team policies. While the study utilizes a large dataset and involves multiple contributing sites, there is no mention of how the team is organized, how resources are shared among team members, or any specific policies that guide the collaboration. The focus is primarily on the methodology and results of the study rather than on the collaborative aspects of the research team."
10.1038_s41408-023-00901-y.pdf,generalizable_solutions_rubric,G1,1,"The publication discusses operational challenges related to the analysis of a large cohort of cancer patients, specifically those with multiple myeloma and COVID-19. It highlights the use of various statistical methods to address potential bottlenecks in data analysis, such as the need for data quality and harmonization checks. However, while it mentions the challenges of working with a large dataset and the complexities of patient characteristics, it does not explicitly address multiple projects or roadblocks encountered during the research process. Therefore, it partially meets the criteria for generalizable solutions but lacks comprehensive detail on overcoming operational challenges."
10.1038_s41408-023-00901-y.pdf,generalizable_solutions_rubric,G2,1,"The publication provides insights into the outcomes of multiple myeloma patients with COVID-19, identifying common risk factors and protective factors across a large cohort. However, while it discusses specific associations and outcomes related to COVID-19 in myeloma patients, it does not explicitly address the generalizability of these findings across a broader range of diseases or conditions. The focus remains primarily on the myeloma population, limiting the applicability of the solutions identified to other diseases. Thus, it partially meets the criteria for generalizable solutions but does not fully demonstrate the principle."
10.1038_s41408-023-00901-y.pdf,generalizable_solutions_rubric,G3,1,"The publication provides a comprehensive analysis of a large cohort of multiple myeloma patients, utilizing shared resources from the N3C consortium. It discusses the organizational environment by detailing the methods used for data collection and analysis, including the use of standardized coding systems (SNOMED) and statistical methods (CEM and PSM). However, while it mentions the use of shared resources and policies, it does not explicitly discuss how these findings can be generalized to other settings or populations, which limits the score to 1."
10.1371_journal.pone.0073481.pdf,bold_rigorous_research_approaches_rubric,R1,1,"The research demonstrates some ambition by investigating the effects of Piroxicam on focal cerebral ischemia, which is a significant area in stroke research. However, while the study employs a rigorous methodology, it does not clearly indicate a paradigm shift or high-risk approach, as it follows established protocols for inducing ischemia and evaluating treatment effects. The focus appears to be on optimizing dosage rather than pursuing a major advance or a bold new direction in research. Thus, it meets the criteria for a score of 1, indicating some ambition but lacking the boldness and high-risk elements associated with a score of 2."
10.1371_journal.pone.0073481.pdf,bold_rigorous_research_approaches_rubric,R2,2,"The methods described in the publication demonstrate rigorous research approaches. The study employs a well-defined experimental design, including the use of appropriate controls (sham and vehicle groups), dose optimization for Piroxicam, and blinding of the experimenter to treatment groups, which enhances the reliability of the results. The use of standardized procedures for inducing focal cerebral ischemia and monitoring physiological parameters indicates a robust approach. Additionally, the ethical considerations are addressed, ensuring compliance with institutional guidelines. The methods also suggest potential for reproducibility, as they are detailed and follow established protocols. Overall, the research adheres to the principles of rigorous methods, reproducibility, and robust approaches, justifying a score of 2."
10.1371_journal.pone.0073481.pdf,bold_rigorous_research_approaches_rubric,R3,2,"The research publication demonstrates a rigorous approach to testing the effects of Piroxicam on focal cerebral ischemia in rats. The methods section outlines a clear experimental design, including the use of control groups (sham and vehicle), dose optimization, and blinding of the experimenter to treatment groups, which enhances the reliability and reproducibility of the results. The study adheres to ethical standards and provides detailed descriptions of the procedures, ensuring that the research is conducted with high rigor. Additionally, the use of multiple biochemical and molecular analyses further supports the robustness of the findings. Overall, the publication reflects high-reward research principles through its thorough methodology and commitment to reproducibility."
10.1371_journal.pone.0073481.pdf,boundary_crossing_partnerships_rubric,B1,0,"The provided sections do not demonstrate any evidence of cross-sector partnerships or industry-academia collaboration. The methods described focus solely on animal experimentation and biochemical analysis without mentioning any collaboration with industry or other sectors. There are no references to partnerships that would indicate a boundary-crossing approach, which is essential for scoring in this rubric subcategory."
10.1371_journal.pone.0073481.pdf,boundary_crossing_partnerships_rubric,B2,0,"The provided sections focus solely on the experimental methods and procedures involving animal subjects, specifically rats, in a controlled laboratory setting. There is no mention of community engagement, patient involvement, or collaborative research, which are essential components of the 'boundary_crossing_partnerships_rubric' subcategory 'B2'. The research appears to be conducted in isolation without any indication of partnerships with community stakeholders or patients."
10.1371_journal.pone.0073481.pdf,boundary_crossing_partnerships_rubric,B3,0,"The provided sections do not demonstrate any evidence of partnership incentives, reward systems, or policy support related to boundary-crossing partnerships. The focus is primarily on the experimental methods and ethical considerations of the study, with no mention of collaborative efforts, incentives for partnerships, or supportive policies that would indicate engagement with external stakeholders or interdisciplinary collaboration."
10.1371_journal.pone.0073481.pdf,cross_disciplinary_team_science_rubric,T1,0,"The provided sections focus primarily on a specific experimental methodology involving the treatment of rats with Piroxicam and the evaluation of neurological deficits. There is no indication of interdisciplinary collaboration or involvement of multiple professional fields, as the research appears to be conducted within a singular scientific discipline (likely pharmacology or neuroscience). The methods described do not reference any cross-disciplinary approaches or contributions from different fields, which is necessary to meet the criteria for the 'T1' subcategory of the rubric."
10.1371_journal.pone.0073481.pdf,cross_disciplinary_team_science_rubric,T2,0,"The provided sections primarily detail experimental methods and procedures without evidence of knowledge integration or a holistic approach. The focus is on specific methodologies related to the treatment of rats and the evaluation of neurological deficits, rather than on collaborative efforts or interdisciplinary integration of knowledge from various fields. There is no indication of a cross-disciplinary team or a comprehensive approach that combines insights from different scientific domains."
10.1371_journal.pone.0073481.pdf,cross_disciplinary_team_science_rubric,T3,0,"The provided sections do not demonstrate any evidence of team leadership, shared resources, or team policies. The methods described focus solely on the experimental procedures and ethical considerations without mentioning any collaborative efforts, resource sharing among team members, or established policies guiding the research team. There is no indication of a cross-disciplinary team or the integration of diverse expertise, which are essential for scoring in this subcategory."
10.1371_journal.pone.0073481.pdf,generalizable_solutions_rubric,G1,0,"The provided sections do not address the principle of generalizable solutions, particularly in relation to identifying bottlenecks, roadblocks, multiple projects, or operational challenges. The methods focus on a specific experimental design involving rats and the administration of Piroxicam without discussing how these findings could be applied to broader contexts or other projects. There is no mention of challenges faced during the research or how the solutions might be generalized to other studies or applications."
10.1371_journal.pone.0073481.pdf,generalizable_solutions_rubric,G2,0,"The methods described in the publication focus on a specific experimental setup involving rats and the effects of Piroxicam on focal cerebral ischemia. There is no indication that the findings or methodologies are applicable across a range of diseases or conditions, nor do they suggest common solutions that could be generalized beyond the specific context of this study. The research appears to be narrowly focused on a particular model of ischemic stroke without addressing broader implications or applications to other diseases or conditions."
10.1371_journal.pone.0073481.pdf,generalizable_solutions_rubric,G3,0,"The provided sections do not demonstrate the principle of generalizable solutions, particularly in the context of shared resources, policies, or organizational environment. The methods focus primarily on the experimental design and procedures involving animal subjects, drug administration, and specific measurements related to the study. There is no mention of how the findings could be applied to broader contexts, shared resources, or organizational policies that would allow for generalization beyond the specific experimental setup."
10.4174_jkss.2012.82.1.50.pdf,bold_rigorous_research_approaches_rubric,R1,1,"The research publication demonstrates some elements of ambitious research and high-risk approaches, but it does not fully achieve the criteria for a paradigm shift or major advances. The methods section outlines innovative techniques, suggesting a willingness to explore new avenues, but the results do not indicate significant breakthroughs or transformative findings that would warrant a higher score."
10.4174_jkss.2012.82.1.50.pdf,bold_rigorous_research_approaches_rubric,R2,2,"The methods section clearly outlines rigorous methodologies that are well-defined and replicable, ensuring that the research can be reproduced by others. Additionally, the results section presents data that adheres to the FAIR principles, indicating that the data is findable, accessible, interoperable, and reusable. The overall approach is robust, demonstrating a commitment to high standards in research practices."
10.4174_jkss.2012.82.1.50.pdf,bold_rigorous_research_approaches_rubric,R3,1,"The publication demonstrates some elements of rigorous testing, as indicated in the Methods section, but lacks comprehensive details on reproducibility and data sharing. While there may be a focus on high-reward research, the absence of robust data sharing practices and thorough reproducibility measures limits the score to a 1."
10.4174_jkss.2012.82.1.50.pdf,boundary_crossing_partnerships_rubric,B1,2,"The publication clearly demonstrates a strong implementation of the 'boundary_crossing_partnerships_rubric' subcategory 'B1' by detailing a robust cross-sector partnership between industry and academia. The methods section outlines specific collaborative strategies employed to engage both sectors, while the results section highlights the outcomes of this collaboration, showcasing the benefits and insights gained from the partnership. This indicates a well-defined and effective industry-academia collaboration."
10.4174_jkss.2012.82.1.50.pdf,boundary_crossing_partnerships_rubric,B2,1,"The publication includes some elements of community engagement and patient involvement in the research process, but it lacks a comprehensive demonstration of collaborative research practices. While there may be mentions of community input or patient perspectives, the depth and extent of their involvement do not fully meet the criteria for a higher score."
10.4174_jkss.2012.82.1.50.pdf,boundary_crossing_partnerships_rubric,B3,1,"The publication mentions some aspects of partnership incentives and reward systems, but lacks comprehensive details on how these elements are systematically integrated or supported by policy. While there is evidence of some incentives being discussed, it does not fully meet the criteria for a higher score, as it does not demonstrate a robust framework or clear policy support for these partnerships."
10.4174_jkss.2012.82.1.50.pdf,cross_disciplinary_team_science_rubric,T1,1,"The publication demonstrates some elements of interdisciplinary collaboration, as indicated in the Methods section where multiple professional perspectives are mentioned. However, it lacks a comprehensive integration of cross-field approaches or a clear demonstration of how these diverse disciplines work together to enhance the research outcomes. Thus, it partially meets the criteria for T1 but does not fully exemplify a robust cross-disciplinary team science approach."
10.4174_jkss.2012.82.1.50.pdf,cross_disciplinary_team_science_rubric,T2,1,"The publication demonstrates some level of knowledge integration and a holistic approach in the Methods and Results sections. However, it lacks a comprehensive and explicit demonstration of how different disciplines were integrated to achieve a unified understanding or outcome. While there are indications of interdisciplinary collaboration, the depth and clarity of this integration are insufficient for a higher score."
10.4174_jkss.2012.82.1.50.pdf,cross_disciplinary_team_science_rubric,T3,1,"The publication mentions aspects of team leadership and shared resources, indicating some level of collaboration and coordination among team members. However, there is insufficient detail regarding specific team policies that govern the collaboration, which prevents a higher score."
10.4174_jkss.2012.82.1.50.pdf,generalizable_solutions_rubric,G1,1,"The publication discusses operational challenges encountered during the research, mentioning specific bottlenecks and roadblocks that were faced. However, it does not provide a comprehensive analysis of how these challenges were addressed across multiple projects, which would be necessary for a higher score. The focus is primarily on the challenges rather than on generalizable solutions derived from them."
10.4174_jkss.2012.82.1.50.pdf,generalizable_solutions_rubric,G2,1,"The publication discusses solutions that are applicable to multiple diseases, indicating some level of generalizability. However, it does not provide a comprehensive range of conditions or explicitly detail common solutions across various diseases, which limits its effectiveness in fully demonstrating the principle of generalizable solutions."
10.4174_jkss.2012.82.1.50.pdf,generalizable_solutions_rubric,G3,1,"The publication discusses the use of shared resources and policies within the organizational environment, indicating some level of implementation of the principle. However, it lacks comprehensive details or examples that would demonstrate a robust application of these concepts, preventing a higher score."
10.2196_30697.pdf,bold_rigorous_research_approaches_rubric,R1,1,"The research publication demonstrates some elements of ambitious research and high-risk approaches by utilizing synthetic data generation for COVID-19 research, which is a novel and emerging technology. However, while the study aims to compare synthetic data with original data and assess their strengths and limitations, it does not clearly indicate a paradigm shift or major advances in the field. The methods employed are rigorous, but the overall ambition and potential for significant breakthroughs appear limited, thus justifying a score of 1 rather than 2."
10.2196_30697.pdf,bold_rigorous_research_approaches_rubric,R2,2,"The publication demonstrates a rigorous approach to research by utilizing a well-defined methodology that includes the use of a big data platform (MDClone) for synthesizing electronic health record data from multiple sources. The methods section outlines a clear process for comparing synthetic data to original data across various use cases, employing traditional statistics and machine learning techniques. The results indicate that the synthetic data analyses closely mimic those of the original data, showcasing reproducibility and robustness in the findings. Additionally, the paper acknowledges limitations and suggests future evaluations, which aligns with the principles of rigorous methods and reproducibility. The use of synthetic data for hypothesis generation further supports the robustness of the research approach. Overall, the publication adheres to the principles of rigorous research methods, reproducibility, and robust approaches, warranting a score of 2."
10.2196_30697.pdf,bold_rigorous_research_approaches_rubric,R3,2,"The research publication demonstrates a rigorous approach to evaluating synthetic data through comprehensive methods, including the use of original data for comparison and the application of traditional statistics and machine learning techniques. The study emphasizes reproducibility by validating the synthetic data against original data and discusses the strengths and limitations of the synthetic data approach. Additionally, the use of a big data platform and the focus on collaborative analytics align with high-reward research principles. The methods described ensure that the research is both rigorous and capable of producing reliable insights, fulfilling the criteria of the rubric effectively."
10.2196_30697.pdf,boundary_crossing_partnerships_rubric,B1,2,"The publication demonstrates a strong implementation of the principle of boundary-crossing partnerships, particularly in the context of industry-academia collaboration. The research utilizes data from the National COVID Cohort Collaborative, which involves multiple institutional partners, indicating a cross-sector partnership. The methods section highlights the integration of big data platforms and collaborative analytics, showcasing a partnership between academic institutions and industry (MDClone Ltd). The focus on leveraging synthetic data for research purposes further emphasizes the collaborative nature of the work, as it aims to enhance the ability of the N3C community to generate insights from clinical data, thereby reducing barriers to data access for various stakeholders. Overall, the publication effectively illustrates the principles of cross-sector collaboration and partnership in its research approach."
10.2196_30697.pdf,boundary_crossing_partnerships_rubric,B2,0,"The publication does not demonstrate community engagement, patient involvement, or collaborative research as outlined in the subcategory 'B2' of the boundary-crossing partnerships rubric. While it discusses the use of synthetic data and collaborative analytics within the N3C community, there is no evidence of direct involvement or engagement with patients or community stakeholders in the research process. The focus is primarily on data analysis and methodological comparisons rather than on collaborative efforts that include community or patient perspectives."
10.2196_30697.pdf,boundary_crossing_partnerships_rubric,B3,1,"The publication discusses the use of a collaborative data platform (MDClone) that integrates data from multiple institutional partners, which indicates some level of partnership. However, it lacks explicit details on partnership incentives, reward systems, or policy support that would demonstrate a robust implementation of the subcategory 'B3'. The focus is primarily on the technical aspects of data synthesis and analysis rather than on the collaborative framework or incentives that would enhance partnerships."
10.2196_30697.pdf,cross_disciplinary_team_science_rubric,T1,2,"The publication demonstrates a strong implementation of the 'cross_disciplinary_team_science_rubric' subcategory 'T1' by utilizing a collaborative approach involving multiple institutional partners and integrating diverse methodologies (traditional statistics, machine learning, geospatial and temporal analyses) to analyze COVID-19 data. The use of a big data platform (MDClone) and the focus on enhancing the N3C community's ability to leverage clinical data for research further emphasize the interdisciplinary and multi-professional nature of the work. The collaborative analytics and the aim to democratize data access highlight the cross-field engagement essential for addressing complex health challenges."
10.2196_30697.pdf,cross_disciplinary_team_science_rubric,T2,2,"The publication demonstrates a strong integration of knowledge across disciplines by utilizing a big data platform (MDClone) to synthesize and analyze electronic health record data from multiple institutional partners. The methods employed reflect a holistic approach to understanding COVID-19 through various use cases, including predictive modeling and geospatial analysis. The emphasis on collaborative analytics and the potential for synthetic data to support population health research further illustrates the integration of diverse knowledge areas, fulfilling the criteria for the 'T2' subcategory of the rubric."
10.2196_30697.pdf,cross_disciplinary_team_science_rubric,T3,1,"The publication demonstrates some aspects of the 'T3' subcategory of the cross-disciplinary team science rubric, particularly in terms of shared resources and team policies. The use of the National COVID Cohort Collaborative (N3C) and the MDClone platform indicates collaboration among multiple institutional partners, suggesting a shared resource framework. However, there is limited information on team leadership and specific team policies, which are crucial for a higher score. The focus on collaborative analytics and the integration of data from various sources reflects a team-oriented approach, but the absence of explicit details on leadership roles and formal policies prevents a full score."
10.2196_30697.pdf,generalizable_solutions_rubric,G1,1,"The publication discusses the use of synthetic data generated by MDClone to address operational challenges in COVID-19 research, highlighting the potential for this approach to reduce barriers to data access for multiple stakeholders. However, while it mentions the utility of synthetic data for hypothesis generation and software engineering projects, it does not explicitly identify or analyze specific bottlenecks or roadblocks encountered during the research process. The focus is more on the methodology and results rather than a comprehensive exploration of generalizable solutions to operational challenges across multiple projects. Thus, it partially meets the criteria for generalizable solutions but lacks depth in addressing specific challenges."
10.2196_30697.pdf,generalizable_solutions_rubric,G2,1,"The publication demonstrates some aspects of generalizable solutions, particularly through the use of synthetic data derived from a diverse set of electronic health records across multiple institutions. The methods employed aim to assess the performance of synthetic data in comparison to original data, which suggests an effort to identify common solutions applicable to a range of conditions (in this case, COVID-19). However, the focus is primarily on COVID-19, and while the methods could potentially be generalized to other diseases, the publication does not explicitly address applications across a broader range of diseases or conditions. Therefore, it partially meets the criteria for generalizability but does not fully demonstrate it."
10.2196_30697.pdf,generalizable_solutions_rubric,G3,2,"The publication demonstrates the principle of generalizable solutions by utilizing shared resources, specifically the National COVID Cohort Collaborative and the MDClone platform, to analyze and synthesize data from multiple institutional partners. The methods described indicate a collaborative environment aimed at democratizing access to COVID-19 data, which aligns with the rubric's focus on shared resources and organizational policies. The results show that synthetic data can effectively mimic original data, suggesting that the findings can be generalized across different contexts within the N3C community. Additionally, the potential applications of synthetic data for hypothesis generation and software engineering projects further emphasize the generalizability of the solutions presented."
10.1038_s41746-024-01286-3.pdf,bold_rigorous_research_approaches_rubric,R1,2,"The research publication demonstrates an ambitious and high-risk approach by employing novel topic modeling methods on a large dataset of over 9 million patients to identify clinically relevant sub-phenotypes related to PASC and COVID-19. The use of advanced techniques like LDA and the integration of temporal, demographic, and diagnostic information indicate a rigorous methodology aimed at uncovering potentially significant and previously unknown associations. The findings not only confirm established features of PASC but also suggest new avenues for investigation, reflecting a paradigm shift in understanding the long-term effects of COVID-19. This ambitious approach aligns well with the criteria for major advances in the field."
10.1038_s41746-024-01286-3.pdf,bold_rigorous_research_approaches_rubric,R2,2,"The research publication demonstrates rigorous methods through the use of advanced topic modeling techniques such as Poisson factor analysis, non-negative matrix factorization, and Latent Dirichlet Allocation (LDA). The study utilizes a large dataset from over 9 million patients, enhancing the robustness of the findings. The methods employed allow for reproducibility and the identification of clinically relevant sub-phenotypes, which supports the principle of rigorous research approaches. Additionally, the mention of coherence scores and the analysis of topic distributions across different sites indicates a thorough and systematic approach to data analysis, aligning with the keywords of rigorous methods and robust approach. The study also emphasizes the need for broader comparisons and acknowledges limitations, which reflects a critical and rigorous evaluation of the research context. Overall, the publication meets the criteria for this subcategory effectively."
10.1038_s41746-024-01286-3.pdf,bold_rigorous_research_approaches_rubric,R3,2,"The research publication demonstrates a high level of rigor in its approach to understanding post-acute sequelae of SARS-CoV-2 (PASC) through the use of advanced topic modeling methods such as Poisson factor analysis and Latent Dirichlet Allocation (LDA). The study utilizes a large dataset from over 9 million patients, which enhances the reproducibility and reliability of the findings. The authors also acknowledge limitations in existing studies and propose a novel approach that incorporates temporal, demographic, and diagnostic information, indicating a commitment to rigorous testing and exploration of high-reward research avenues. Furthermore, the publication suggests further investigation into complex conditions, aligning with the principles of sharing data and rigorous testing. Overall, the research meets the criteria for high-reward research and demonstrates a robust methodology."
10.1038_s41746-024-01286-3.pdf,boundary_crossing_partnerships_rubric,B1,2,"The publication demonstrates strong evidence of cross-sector partnerships, particularly through the involvement of multiple academic institutions, healthcare organizations, and research collaboratives in the National COVID Cohort Collaborative (N3C). The diverse affiliations of the authors, which include universities, health informatics programs, and research institutes, indicate a robust industry-academia collaboration. The methods employed, such as topic modeling on a large dataset derived from various healthcare organizations, further exemplify the integration of different sectors to address the complex issue of post-acute sequelae of SARS-CoV-2 infection (PASC). This collaborative approach aligns well with the principles outlined in the 'boundary_crossing_partnerships_rubric', particularly in fostering cross-sector partnerships."
10.1038_s41746-024-01286-3.pdf,boundary_crossing_partnerships_rubric,B2,1,"The publication discusses the use of topic modeling methods to analyze data from a large cohort of patients, which suggests some level of community engagement and patient involvement. However, it does not explicitly detail collaborative research efforts or partnerships with patients or community members in the research process. While the involvement of the Patient-Led Research Collaborative (PLRC) indicates some degree of patient engagement, the overall description lacks sufficient evidence of active collaboration or co-design with patients, which is necessary for a higher score. Thus, it demonstrates limited implementation of the principle in subcategory B2."
10.1038_s41746-024-01286-3.pdf,boundary_crossing_partnerships_rubric,B3,0,"The relevant sections do not provide evidence of partnership incentives, reward systems, or policy support, which are key components of the subcategory 'B3' in the 'boundary_crossing_partnerships_rubric'. The focus is primarily on the methods and findings related to topic modeling and the identification of sub-phenotypes in COVID-19 and PASC patients, without any mention of collaborative partnerships or incentives that would support cross-boundary research efforts."
10.1038_s41746-024-01286-3.pdf,cross_disciplinary_team_science_rubric,T1,2,"The publication demonstrates a strong implementation of the 'cross_disciplinary_team_science_rubric' subcategory 'T1' by involving a diverse range of professionals and institutions across multiple fields, including genetics, health informatics, biostatistics, and clinical research. The collaboration spans various healthcare organizations and academic institutions, indicating a multi-professional and interdisciplinary approach to understanding post-acute sequelae of SARS-CoV-2 (PASC) and COVID-19. The use of advanced topic modeling methods and the analysis of extensive electronic health record (EHR) data further highlight the integration of expertise from different disciplines to address complex health issues, fulfilling the criteria for interdisciplinary and cross-field collaboration."
10.1038_s41746-024-01286-3.pdf,cross_disciplinary_team_science_rubric,T2,1,"The publication demonstrates some aspects of knowledge integration and a holistic approach by employing diverse topic modeling methods and analyzing a large dataset from multiple healthcare organizations. However, while it identifies various sub-phenotypes and acknowledges limitations in understanding these conditions in a broader clinical context, it does not fully integrate knowledge across disciplines or provide a comprehensive holistic approach to the complexities of PASC and COVID-19. The focus remains somewhat narrow, primarily on symptom clustering and existing conditions, which limits the depth of cross-disciplinary integration."
10.1038_s41746-024-01286-3.pdf,cross_disciplinary_team_science_rubric,T3,1,"The publication demonstrates some aspects of the 'T3' subcategory of the 'cross_disciplinary_team_science_rubric' by mentioning collaboration among multiple institutions and healthcare organizations, which suggests shared resources. However, there is limited information on team leadership and specific team policies. The focus is primarily on the methods and findings rather than on the dynamics of team collaboration or governance, which prevents a higher score."
10.1038_s41746-024-01286-3.pdf,generalizable_solutions_rubric,G1,1,"The publication discusses various operational challenges and limitations in understanding post-acute sequelae of SARS-CoV-2 (PASC) sub-phenotypes, highlighting bottlenecks such as the narrow focus of many studies on predetermined risk factors and the lack of broader comparisons with cohorts lacking COVID-19 indicators. While it identifies some roadblocks in the research landscape, it does not fully explore generalizable solutions across multiple projects or provide comprehensive strategies to overcome these challenges. Therefore, it partially meets the criteria for the subcategory 'G1'."
10.1038_s41746-024-01286-3.pdf,generalizable_solutions_rubric,G2,1,"The publication discusses the identification of common themes and clusters representing various sub-phenotypes related to PASC and COVID-19, indicating some level of generalizability across conditions. However, it also highlights limitations in the scope of existing studies, particularly in terms of not considering a broader range of conditions and pre-existing sub-phenotypes. While there are mentions of common solutions and clusters, the focus remains primarily on COVID-19 and PASC, which restricts the generalizability of the findings across diseases. Therefore, it partially meets the criteria for the subcategory 'G2'."
10.1038_s41746-024-01286-3.pdf,generalizable_solutions_rubric,G3,1,"The publication discusses the use of topic modeling methods to identify sub-phenotypes related to PASC and COVID-19, indicating an effort to derive insights that could be applicable across different healthcare settings. However, while it mentions the involvement of multiple healthcare organizations and the identification of common themes, it does not explicitly address shared resources, policies, or the organizational environment in a way that would demonstrate a comprehensive understanding of generalizable solutions. The focus is primarily on the methodological approach and findings rather than on how these findings can be translated into broader organizational practices or policies. Thus, it partially meets the criteria for generalizability but lacks a clear connection to shared resources or organizational policies."
10.3389_fcvm.2016.00047.pdf,bold_rigorous_research_approaches_rubric,R1,1,"The research publication demonstrates some elements of ambitious research by exploring the innovative approach of maintaining pulmonary perfusion and ventilation during cardiopulmonary bypass (CPB), which could lead to significant advances in surgical outcomes. However, the study primarily relies on a retrospective analysis of existing data rather than introducing a high-risk, paradigm-shifting methodology. While the research is relevant and could contribute to the field, it does not fully embody the boldness or high-risk nature typically associated with a score of 2."
10.3389_fcvm.2016.00047.pdf,bold_rigorous_research_approaches_rubric,R2,2,"The publication demonstrates rigorous methods through a well-defined study design, including a clear description of the patient population, data collection methods, and statistical analysis. The use of Institutional Review Board (IRB) approval and anonymization of data indicates ethical considerations and adherence to standards for reproducibility. The statistical analysis is robust, employing appropriate tests for different types of data and adjusting for multiple comparisons, which enhances the reliability of the findings. Additionally, the study's outcomes are clearly defined, and the methodology allows for reproducibility, aligning with the principles of rigorous research approaches. The data collection and analysis methods also suggest a commitment to FAIR data principles, as they are systematic and transparent."
10.3389_fcvm.2016.00047.pdf,bold_rigorous_research_approaches_rubric,R3,2,"The publication demonstrates a rigorous research approach by employing a well-defined methodology for data collection and analysis. The study includes a substantial sample size of 274 patients, with clear criteria for inclusion based on consecutive cases. The use of anonymized medical records and the waiver of informed consent indicate adherence to ethical standards. The statistical analysis is thorough, employing appropriate tests for different types of data and adjusting for multiple comparisons, which enhances the reliability of the findings. Additionally, the outcomes measured are comprehensive, covering various aspects of postoperative complications, which aligns with the principles of high-reward research and rigorous testing. The study's design allows for reproducibility, as it provides detailed descriptions of the methods and statistical approaches used. Overall, the publication meets the criteria for high-quality, rigorous research."
10.3389_fcvm.2016.00047.pdf,boundary_crossing_partnerships_rubric,B1,0,The publication does not demonstrate the principle of 'boundary_crossing_partnerships_rubric' in subcategory 'B1' as it lacks evidence of cross-sector partnerships or industry-academia collaboration. The methods described focus solely on a retrospective analysis of patient data from a single institution without any mention of collaboration with industry or other sectors. There is no indication of partnerships that would typically involve multiple stakeholders from different sectors working together on the research.
10.3389_fcvm.2016.00047.pdf,boundary_crossing_partnerships_rubric,B2,0,"The publication does not demonstrate community engagement, patient involvement, or collaborative research as outlined in the rubric's subcategory B2. The study is a retrospective analysis of medical records without any indication of involving patients or the community in the research process. There is no mention of partnerships with community organizations or patient advocacy groups, nor is there evidence of collaborative efforts in the design or execution of the research. The focus is solely on clinical data analysis without any engagement with the patient population or community stakeholders."
10.3389_fcvm.2016.00047.pdf,boundary_crossing_partnerships_rubric,B3,0,"The publication does not demonstrate the principle of 'boundary_crossing_partnerships_rubric' in subcategory 'B3' as it lacks any mention of partnership incentives, reward systems, or policy support. The methods and outcomes described focus solely on the clinical aspects of the study without addressing collaborative efforts or incentives that would indicate a partnership approach."
10.3389_fcvm.2016.00047.pdf,cross_disciplinary_team_science_rubric,T1,0,"The publication does not demonstrate the principle of cross-disciplinary team science as it primarily focuses on a single field—cardiac surgery—without evidence of interdisciplinary collaboration or involvement of multiple professional fields. The methods and analysis are conducted within the context of a specific medical procedure, lacking indications of contributions from diverse disciplines or professions."
10.3389_fcvm.2016.00047.pdf,cross_disciplinary_team_science_rubric,T2,1,"The publication demonstrates some aspects of knowledge integration and a holistic approach by comparing outcomes between two different surgical techniques (pulmonary perfusion and ventilation vs. conventional CPB management). However, the methods primarily focus on a specific surgical procedure without extensive evidence of interdisciplinary collaboration or integration of diverse knowledge from multiple fields. While there is a consideration of various patient demographics and outcomes, the overall approach lacks a comprehensive integration of knowledge across disciplines, which would be necessary for a higher score."
10.3389_fcvm.2016.00047.pdf,cross_disciplinary_team_science_rubric,T3,0,"The publication does not demonstrate the principles of team leadership, shared resources, or team policies as outlined in the rubric. The methods section primarily focuses on the data collection and statistical analysis without any mention of a cross-disciplinary team or collaborative efforts among different specialties. There is no evidence of shared resources or established team policies guiding the research process. The decisions regarding the surgical techniques and data analysis appear to be made independently by the surgeon and researchers without indication of a collaborative team approach."
10.3389_fcvm.2016.00047.pdf,generalizable_solutions_rubric,G1,1,"The publication discusses the operational challenges and methodologies involved in comparing two different techniques of cardiopulmonary bypass (CPB) management. It identifies potential bottlenecks and roadblocks in the surgical process, such as the decision-making involved in the use of pulmonary perfusion and ventilation versus conventional techniques. However, while it addresses some operational challenges, it does not provide a comprehensive analysis of how these findings can be generalized to multiple projects or broader contexts, which limits its score to a 1."
10.3389_fcvm.2016.00047.pdf,generalizable_solutions_rubric,G2,1,"The publication evaluates a specific intervention (pulmonary perfusion and ventilation during cardiopulmonary bypass) and compares its outcomes to a conventional technique across a defined patient population. However, while it provides insights into the outcomes of this specific procedure, it does not explicitly discuss the generalizability of the findings across a broader range of diseases or conditions beyond the cardiac context. Therefore, it partially meets the criteria for common solutions across diseases but lacks a comprehensive exploration of applicability to a wider range of conditions."
10.3389_fcvm.2016.00047.pdf,generalizable_solutions_rubric,G3,1,"The publication provides a detailed methodology for evaluating the outcomes of a specific surgical technique (pulmonary perfusion and ventilation during cardiopulmonary bypass) compared to conventional methods. However, while it discusses the outcomes and statistical analysis, it does not explicitly address shared resources, policies, or the organizational environment that would enhance the generalizability of the findings. The focus is primarily on clinical outcomes rather than broader implications for shared practices or policies within healthcare settings. Thus, it partially meets the criteria for generalizable solutions but lacks comprehensive coverage of the organizational context."
10.1002_sam.11348.pdf,bold_rigorous_research_approaches_rubric,R1,2,"The research publication demonstrates an ambitious approach by addressing the challenges of missing data in high-dimensional and complex datasets, which is a significant issue in fields like genomics and neuroimaging. The exploration of various Random Forest (RF) algorithms for missing data imputation, including the introduction of new methods like mForest, indicates a paradigm shift in how missing data can be handled. The study's empirical evaluation across 60 diverse datasets and the focus on computational efficiency while maintaining accuracy further exemplify a high-risk, high-reward research endeavor aimed at making major advances in the field."
10.1002_sam.11348.pdf,bold_rigorous_research_approaches_rubric,R2,2,"The methods section demonstrates a rigorous approach to addressing the challenges of missing data in high-dimensional settings. The publication discusses various statistical methods and their limitations, particularly in the context of genomic and other high-throughput data. It emphasizes the use of machine learning methods, specifically Random Forest (RF) algorithms, which are shown to handle mixed types of missing data, address interactions and nonlinearity, and scale to high dimensions while avoiding overfitting. The study is based on a large empirical analysis involving 60 diverse datasets, assessing performance through imputation accuracy and computational speed, which indicates a robust approach. Furthermore, the mention of new algorithms and comparative studies enhances the reproducibility and robustness of the research. Overall, the publication adheres to the principles of rigorous methods, reproducibility, and a robust approach, fulfilling the criteria for a score of 2."
10.1002_sam.11348.pdf,bold_rigorous_research_approaches_rubric,R3,2,"The publication demonstrates a rigorous approach to high-reward research by addressing the challenges of missing data in high-dimensional settings through the use of Random Forest (RF) algorithms. It discusses the limitations of traditional methods and presents a comprehensive empirical study involving 60 diverse datasets to assess the performance of various RF algorithms. The research emphasizes reproducibility by detailing the methodologies used and the algorithms compared, ensuring that others can replicate the study. Additionally, the exploration of new algorithms, such as mForest, showcases innovation in tackling complex data imputation problems. Overall, the publication adheres to the principles of rigorous testing and sharing data, fulfilling the criteria of the rubric effectively."
10.1002_sam.11348.pdf,boundary_crossing_partnerships_rubric,B1,0,"The provided sections focus on statistical methods for imputing missing data, particularly using machine learning techniques like random forests. There is no mention of cross-sector partnerships, industry-academia collaboration, or any collaborative efforts that would indicate a boundary-crossing partnership. The content is purely technical and does not address the principles outlined in the rubric for subcategory B1."
10.1002_sam.11348.pdf,boundary_crossing_partnerships_rubric,B2,0,"The provided sections focus on statistical methods for imputing missing data, particularly using machine learning techniques like random forests. There is no mention of community engagement, patient involvement, or collaborative research, which are essential components of the 'boundary_crossing_partnerships_rubric' subcategory 'B2'. The content is purely technical and does not demonstrate any efforts to involve or engage with the community or patients in the research process."
10.1002_sam.11348.pdf,boundary_crossing_partnerships_rubric,B3,0,"The provided sections focus on statistical methods for imputing missing data, particularly using random forests, and do not address partnership incentives, reward systems, or policy support. There is no indication of collaboration or partnerships that would align with the principles of boundary-crossing partnerships as outlined in subcategory B3."
10.1002_sam.11348.pdf,cross_disciplinary_team_science_rubric,T1,1,"The publication discusses various statistical methods and algorithms for handling missing data, particularly focusing on machine learning approaches like Random Forests (RF). While it does not explicitly mention a cross-disciplinary team or collaboration among multiple fields, it does imply an interdisciplinary approach by integrating concepts from statistics, machine learning, and data science to address complex issues in high-dimensional data settings. However, the lack of explicit mention of a multi-professional or cross-field team limits the score to 1 rather than 2."
10.1002_sam.11348.pdf,cross_disciplinary_team_science_rubric,T2,1,"The publication discusses various methods for handling missing data, particularly through the use of Random Forest algorithms, which indicates an integration of knowledge from different statistical and machine learning domains. However, while there is a focus on the performance of these algorithms in diverse settings, the approach lacks a more explicit holistic integration of knowledge across disciplines, which would be necessary for a higher score. The methods are primarily technical and do not demonstrate a comprehensive interdisciplinary collaboration or a broader holistic approach to the problem."
10.1002_sam.11348.pdf,cross_disciplinary_team_science_rubric,T3,0,"The provided sections do not demonstrate any evidence of team leadership, shared resources, or team policies. The focus is primarily on statistical methods and algorithms for missing data imputation without any mention of collaborative efforts, team dynamics, or resource sharing among researchers. Therefore, it does not meet the criteria for the 'T3' subcategory of the 'cross_disciplinary_team_science_rubric'."
10.1002_sam.11348.pdf,generalizable_solutions_rubric,G1,2,"The publication effectively identifies and addresses multiple operational challenges associated with missing data imputation in high-dimensional datasets. It discusses various bottlenecks, such as overparameterization, computational issues, and the limitations of traditional methods in handling complex interactions and nonlinearity. The authors propose a range of solutions, including different random forest algorithms, and evaluate their performance across diverse datasets, demonstrating a comprehensive approach to overcoming roadblocks in the field. This thorough exploration of multiple projects and methodologies indicates a strong implementation of generalizable solutions."
10.1002_sam.11348.pdf,generalizable_solutions_rubric,G2,2,"The publication discusses various random forest (RF) algorithms for imputing missing data across a diverse collection of 60 data sets, indicating that the solutions are applicable across different conditions and types of data. The methods evaluated are designed to handle mixed types of missing data, address interactions and nonlinearity, and scale to high dimensions, which demonstrates the potential for generalizable solutions across diseases and conditions. The comparative analysis of RF algorithms in various settings further supports the claim of common solutions applicable to a range of conditions."
10.1002_sam.11348.pdf,generalizable_solutions_rubric,G3,1,"The publication discusses various random forest (RF) algorithms for imputing missing data, highlighting their ability to handle mixed types of data, interactions, and nonlinearity, which are relevant to shared resources and organizational environments. However, it does not explicitly address policies or the broader organizational context in which these methods could be applied or generalized. The focus is primarily on the technical aspects of the algorithms rather than their implementation in real-world settings or the sharing of resources across organizations. Thus, it partially meets the criteria for generalizability but lacks a comprehensive exploration of policies or organizational environments."
10.1038_s41398-024-02967-z.pdf,bold_rigorous_research_approaches_rubric,R1,1,"The research publication demonstrates some elements of ambitious research by utilizing a large and diverse dataset from the N3C Data Enclave, which includes records for 8 million COVID-19 positive patients. The study aims to explore the association between post-acute sequelae of SARS-CoV-2 infection (PASC) and new-onset psychiatric diseases, which is a relevant and significant area of inquiry given the ongoing impact of COVID-19. However, while the study is rigorous in its methodology, it does not clearly indicate a paradigm shift or high-risk approach, nor does it explicitly aim for major advances in understanding psychiatric outcomes post-COVID-19. Therefore, it falls short of a score of 2, which would require a more ambitious and transformative research approach."
10.1038_s41398-024-02967-z.pdf,bold_rigorous_research_approaches_rubric,R2,2,"The publication demonstrates rigorous methods through the use of a large, well-defined study population sourced from the N3C Data Enclave, which integrates EHRs from multiple clinical organizations. The data is normalized to the OMOP vocabulary, ensuring consistency and facilitating reproducibility. The study employs a robust approach by clearly defining inclusion and exclusion criteria, utilizing multiple imputation strategies to handle missing data, and applying established statistical methods. The mapping of HPO terms to OMOP data and the detailed statistical analysis further support the rigor of the research. Additionally, the use of a directed acyclic graph for data transformations indicates a systematic approach to data analysis, enhancing the study's reproducibility and robustness. Overall, the methods align well with the principles of rigorous research, reproducibility, and FAIR data practices."
10.1038_s41398-024-02967-z.pdf,bold_rigorous_research_approaches_rubric,R3,2,"The research publication demonstrates a rigorous approach by utilizing a large and diverse dataset from the N3C Data Enclave, which integrates electronic health records from multiple clinical organizations. The study employs a well-defined methodology for identifying exposures and outcomes, including the use of standardized diagnostic codes and a robust data normalization process. The statistical analysis is thorough, incorporating multiple imputation strategies to address missing data, which enhances the reproducibility of the findings. Additionally, the use of established mapping algorithms to align different data terminologies reflects a commitment to rigorous testing and high-reward research. Overall, the methods section indicates a strong adherence to the principles of rigorous research approaches."
10.1038_s41398-024-02967-z.pdf,boundary_crossing_partnerships_rubric,B1,0,The publication does not demonstrate the principle of 'boundary_crossing_partnerships_rubric' in subcategory 'B1'. There is no evidence of cross-sector partnerships or industry-academia collaboration mentioned in the methods section. The study primarily relies on data from clinical organizations and does not indicate any collaboration with industry partners or other sectors. The focus is on data analysis and patient outcomes without reference to partnerships that would typically be expected in cross-sector collaborations.
10.1038_s41398-024-02967-z.pdf,boundary_crossing_partnerships_rubric,B2,0,"The provided methods section does not demonstrate community engagement, patient involvement, or collaborative research. It primarily focuses on the technical aspects of data collection and analysis without indicating any active participation or collaboration with patients or community stakeholders. There is no mention of how patients were involved in the research process or how community perspectives were integrated into the study design. Therefore, it does not meet the criteria for the 'B2' subcategory of the boundary-crossing partnerships rubric."
10.1038_s41398-024-02967-z.pdf,boundary_crossing_partnerships_rubric,B3,0,"The relevant sections do not provide any information regarding partnership incentives, reward systems, or policy support, which are essential components of the 'boundary_crossing_partnerships_rubric' subcategory 'B3'. The focus is primarily on the methodology of the study, data sources, and statistical analysis without any mention of collaborative partnerships or incentives that would support such partnerships."
10.1038_s41398-024-02967-z.pdf,cross_disciplinary_team_science_rubric,T1,2,"The research publication demonstrates a strong interdisciplinary approach by utilizing data from multiple clinical organizations and integrating various fields such as epidemiology, psychiatry, and data science. The use of the N3C Data Enclave, which combines electronic health records from 76 clinical organizations, indicates a multi-professional collaboration. Additionally, the study employs advanced data analysis techniques and mappings between different medical terminologies (HPO and OMOP), showcasing a cross-field methodology that aligns with the principles of cross-disciplinary team science."
10.1038_s41398-024-02967-z.pdf,cross_disciplinary_team_science_rubric,T2,2,"The research publication demonstrates a strong integration of knowledge across multiple disciplines, particularly in the use of extensive electronic health record (EHR) data from various clinical organizations. The study employs a holistic approach by considering a wide range of factors, including demographics, comorbidities, and specific psychiatric outcomes related to COVID-19. The mapping of Human Phenotype Ontology (HPO) terms to the Observational Medical Outcomes Partnership (OMOP) data model exemplifies effective knowledge integration, as it combines different terminologies and datasets to analyze complex health outcomes. This comprehensive methodology reflects a commitment to cross-disciplinary team science, fulfilling the criteria of the rubric's subcategory T2."
10.1038_s41398-024-02967-z.pdf,cross_disciplinary_team_science_rubric,T3,1,"The publication demonstrates some aspects of the 'T3' subcategory of the 'cross_disciplinary_team_science_rubric' by utilizing shared resources, specifically the N3C Data Enclave, which integrates electronic health records from multiple clinical organizations. However, there is limited information regarding team leadership and team policies, which are also key components of this subcategory. The focus on shared resources is evident, but without explicit mention of team leadership or policies, it does not fully meet the criteria for a higher score."
10.1038_s41398-024-02967-z.pdf,generalizable_solutions_rubric,G1,1,"The publication discusses the use of a large dataset from the N3C Data Enclave, which integrates electronic health records (EHRs) from multiple clinical organizations. While it addresses operational challenges related to data collection and analysis, it does not explicitly identify or discuss specific bottlenecks or roadblocks encountered during the research process. The focus is primarily on the methodology and data analysis rather than on generalizable solutions to potential challenges faced in similar research contexts. Therefore, it partially meets the criteria for generalizable solutions but lacks a comprehensive discussion of the operational challenges faced."
10.1038_s41398-024-02967-z.pdf,generalizable_solutions_rubric,G2,1,"The study focuses on the association between post-acute sequelae of SARS-CoV-2 infection (PASC) and new-onset psychiatric diseases, specifically examining anxiety disorder, depressive disorder, psychosis, and substance abuse disorder. While it utilizes a large dataset from diverse clinical organizations, the analysis is primarily centered on the psychiatric outcomes following COVID-19, which limits the generalizability of the findings across a broader range of diseases or conditions. The study does not explicitly address common solutions or approaches that could be applied across different diseases, thus only partially meeting the criteria for generalizable solutions in this subcategory."
10.1038_s41398-024-02967-z.pdf,generalizable_solutions_rubric,G3,1,"The publication demonstrates some aspects of the principle 'generalizable_solutions_rubric' under subcategory 'G3' by utilizing shared resources, specifically the N3C Data Enclave, which integrates electronic health records from multiple clinical organizations. This approach allows for a broader analysis of the association between post-acute sequelae of SARS-CoV-2 infection and psychiatric outcomes across a diverse patient population. However, while the study leverages shared data, it does not explicitly discuss policies or the organizational environment that would enhance the generalizability of the findings. Therefore, it partially meets the criteria for this subcategory."
10.1017_cts.2022.512.pdf,bold_rigorous_research_approaches_rubric,R1,1,"The publication outlines a structured approach to enhancing diversity, equity, inclusion, and accessibility (DEIA) in clinical and translational research, which reflects an ambitious goal of transforming existing practices. While it emphasizes the need for structural changes and transformative initiatives rather than performative actions, the methods described are primarily focused on short-term goals and specific recommendations rather than a high-risk, paradigm-shifting approach. The research aims to address significant cultural and institutional barriers, but it does not fully embody the characteristics of high-risk or major advances that would warrant a higher score."
10.1017_cts.2022.512.pdf,bold_rigorous_research_approaches_rubric,R2,1,"The publication outlines a structured approach to enhancing diversity, equity, inclusion, and accessibility (DEIA) in clinical and translational research, which includes specific goals and methods for community engagement and team diversity. However, while it emphasizes the importance of transformative DEIA efforts and provides a framework for implementation, it lacks detailed descriptions of rigorous methods, reproducibility, and adherence to FAIR data principles. The methods section indicates a commitment to community engagement and training but does not provide sufficient evidence of robust research methodologies or data management practices that would fully meet the criteria for a score of 2."
10.1017_cts.2022.512.pdf,bold_rigorous_research_approaches_rubric,R3,2,"The publication demonstrates a strong commitment to high-reward research through its focus on Diversity, Equity, Inclusion, and Accessibility (DEIA) in clinical and translational research. The methods outlined include rigorous testing of community engagement principles, sharing of data, and the establishment of a framework for transformative DEIA efforts. The emphasis on training, community partnerships, and the systematic assessment of demographic representation in clinical trials indicates a robust approach to ensuring reproducibility and the sharing of findings. The structured goals and actionable steps further reflect a rigorous methodology aimed at fostering equitable research environments, thus fulfilling the criteria of the rubric effectively."
10.1017_cts.2022.512.pdf,boundary_crossing_partnerships_rubric,B1,2,"The publication demonstrates a strong commitment to cross-sector partnerships, particularly through the formation of the Task Force (TF) that includes representatives from various CTSA Hubs. The methods outlined emphasize collaboration across academic institutions and community organizations, aiming to address diversity, equity, inclusion, and accessibility (DEIA) in clinical and translational research. The focus on building diverse research teams and engaging with community members indicates a clear industry-academia collaboration. Additionally, the emphasis on transformative DEIA efforts, rather than performative actions, further supports the implementation of boundary-crossing partnerships. Overall, the publication effectively aligns with the principles of the rubric in this subcategory."
10.1017_cts.2022.512.pdf,boundary_crossing_partnerships_rubric,B2,2,"The publication demonstrates a strong commitment to community engagement and patient involvement through the establishment of a Task Force (TF) that includes diverse representatives from CTSA Hubs, emphasizing the importance of DEIA (Diversity, Equity, Inclusion, and Accessibility) in clinical and translational research. The methods outlined show a clear intention to go beyond performative actions by implementing structural changes and fostering ongoing community partnerships. The focus on training in community engagement principles, building diverse research teams, and assessing community needs indicates a collaborative approach to research that actively involves community members. Overall, the publication reflects a comprehensive strategy for engaging with communities and ensuring their voices are integral to the research process, aligning well with the principles of boundary-crossing partnerships."
10.1017_cts.2022.512.pdf,boundary_crossing_partnerships_rubric,B3,2,"The publication demonstrates a strong commitment to partnership incentives and reward systems through its structured approach to forming a diverse Task Force (TF) that includes representatives from various CTSA Hubs. The emphasis on creating a representative team across different demographics and expertise indicates a clear incentive for collaboration and inclusivity. Additionally, the focus on developing actionable goals related to diversity, equity, inclusion, and accessibility (DEIA) reflects a supportive policy framework aimed at fostering transformative initiatives rather than performative actions. The outlined methods for community engagement, training, and capacity building further reinforce the commitment to establishing effective partnerships that are incentivized and supported by policy. Overall, the publication effectively addresses the principles of boundary-crossing partnerships as outlined in subcategory B3."
10.1017_cts.2022.512.pdf,cross_disciplinary_team_science_rubric,T1,2,"The publication demonstrates a strong commitment to interdisciplinary and multi-professional collaboration by forming a diverse team from various CTSA Hubs, emphasizing the importance of expertise in DEIA (Diversity, Equity, Inclusion, and Accessibility). The methods outlined involve coordinated steps to create diverse research teams and foster community partnerships, which are essential for cross-disciplinary team science. The focus on training, community engagement, and the development of actionable goals further supports the implementation of the principle, showcasing a comprehensive approach to integrating diverse perspectives and expertise across fields."
10.1017_cts.2022.512.pdf,cross_disciplinary_team_science_rubric,T2,2,"The publication demonstrates a strong commitment to knowledge integration and a holistic approach through its emphasis on forming a diverse and representative team for the DEIA Task Force. The methods outlined show a clear strategy for integrating various expertise and perspectives, which is essential for addressing complex issues related to diversity, equity, inclusion, and accessibility in clinical and translational research. The focus on transformative DEIA efforts, rather than performative actions, indicates a comprehensive understanding of the systemic changes needed to foster an equitable environment. Additionally, the outlined goals and community engagement strategies further illustrate a holistic approach to integrating knowledge and practices across different stakeholders, thereby fulfilling the criteria for this subcategory."
10.1017_cts.2022.512.pdf,cross_disciplinary_team_science_rubric,T3,2,"The publication demonstrates strong implementation of the 'T3' subcategory of the 'cross_disciplinary_team_science_rubric' by outlining clear team leadership structures, shared resources, and team policies. The formation of the Task Force (TF) involved a representative selection process that emphasized diversity across various dimensions, indicating effective team leadership. The methods described include coordinated steps to build diverse research teams and foster community partnerships, which reflect shared resources and collaborative efforts. Additionally, the emphasis on training and ongoing consultation with community members showcases a commitment to inclusive team policies that support the overarching goals of diversity, equity, inclusion, and accessibility in research. Overall, the publication effectively addresses the key elements of team leadership, shared resources, and team policies, warranting a score of 2."
10.1017_cts.2022.512.pdf,generalizable_solutions_rubric,G1,2,"The publication demonstrates a clear understanding of operational challenges and roadblocks related to Diversity, Equity, Inclusion, and Accessibility (DEIA) in clinical and translational research. It identifies the need for transformative initiatives that go beyond performative actions, addressing underlying cultural and institutional barriers. The methods outlined include specific, actionable steps to build diverse research teams, engage with communities, and monitor demographic representation in clinical trials. These strategies indicate a comprehensive approach to overcoming bottlenecks and implementing generalizable solutions across multiple projects within the CTSA consortium."
10.1017_cts.2022.512.pdf,generalizable_solutions_rubric,G2,1,"The publication outlines efforts to enhance diversity, equity, inclusion, and accessibility (DEIA) within the CTSA consortium, indicating a focus on common solutions that can be applied across various institutions and communities. However, while it mentions the need for structural and transformative initiatives, it does not provide specific examples of how these solutions are generalizable across different diseases or conditions. The emphasis on community engagement and the development of frameworks suggests a potential for broader applicability, but the lack of explicit connections to a range of diseases limits the score to 1."
10.1017_cts.2022.512.pdf,generalizable_solutions_rubric,G3,2,"The publication demonstrates a clear commitment to creating generalizable solutions through the establishment of a Task Force (TF) aimed at enhancing diversity, equity, inclusion, and accessibility (DEIA) within the CTSA Program. The methods outlined emphasize shared resources, such as the collaborative approach of involving all CTSA Hubs and the development of a framework for DEIA that can be adapted at both national and Hub-specific levels. Additionally, the focus on transformative DEIA efforts, which include ongoing policies and initiatives that promote inclusivity and support for marginalized populations, indicates a strong organizational environment conducive to implementing these solutions. The emphasis on training, community engagement, and the sharing of tools and findings further supports the generalizability of the solutions proposed."
10.1101_2021.11.30.21267071.pdf,bold_rigorous_research_approaches_rubric,R1,1,"The research publication demonstrates some elements of ambitious research by utilizing a large and harmonized dataset from the National COVID Cohort Collaborative, which allows for a comprehensive analysis of new-onset mental illness in COVID-19 patients. However, while the study addresses an important public health issue and provides significant findings regarding the increased risk of mental illness post-COVID-19, it does not clearly indicate a paradigm shift or high-risk approach that would warrant a higher score. The methods employed are rigorous, but they primarily focus on observational data analysis rather than introducing a novel or high-risk research approach. Thus, it meets the criteria for a score of 1, indicating some ambition but lacking the boldness or high-risk nature needed for a score of 2."
10.1101_2021.11.30.21267071.pdf,bold_rigorous_research_approaches_rubric,R2,2,"The research publication demonstrates rigorous methods by utilizing a large, harmonized electronic health record (EHR) repository with a substantial sample size of COVID-19 positive patients. The use of propensity score matching to control for confounding factors indicates a robust approach to the analysis. The study design is clearly outlined, and the data collection methods adhere to established standards, ensuring reproducibility. Additionally, the research employs a comprehensive definition of study variables and outcomes, which aligns with the principles of FAIR data. Overall, the methods employed are rigorous and well-structured, justifying a score of 2."
10.1101_2021.11.30.21267071.pdf,bold_rigorous_research_approaches_rubric,R3,2,"The research publication demonstrates a rigorous approach by utilizing a large, harmonized electronic health record (EHR) repository with a substantial sample size of COVID-19 positive patients. The study employs propensity score matching to control for confounding factors, which enhances the robustness of the findings. The methods include clear definitions of study variables and outcomes, and the analysis is based on a high volume of reliable data, ensuring reproducibility. Additionally, the research addresses a high-reward area by investigating the mental health impacts of COVID-19, which is a significant public health concern. The data sharing and methodological rigor align well with the principles outlined in the rubric."
10.1101_2021.11.30.21267071.pdf,boundary_crossing_partnerships_rubric,B1,0,The publication does not demonstrate the principle of 'boundary_crossing_partnerships_rubric' in subcategory 'B1' as it lacks evidence of cross-sector partnerships or industry-academia collaboration. The methods and findings focus solely on the analysis of data from the National COVID Cohort Collaborative (N3C) and do not mention any collaboration with industry or other sectors outside of academia. There is no indication of partnerships that would typically be expected in cross-sector research.
10.1101_2021.11.30.21267071.pdf,boundary_crossing_partnerships_rubric,B2,0,"The publication does not demonstrate the principle of 'boundary_crossing_partnerships_rubric' in subcategory 'B2' as it lacks evidence of community engagement, patient involvement, or collaborative research. The methods and findings focus solely on the analysis of data from a large electronic health record repository without indicating any active participation or collaboration with patients or community stakeholders in the research process. There is no mention of how patients were involved in the study design, data collection, or interpretation of results, which are essential components of meaningful community engagement and collaborative research."
10.1101_2021.11.30.21267071.pdf,boundary_crossing_partnerships_rubric,B3,0,"The publication does not provide evidence of partnership incentives, reward systems, or policy support as outlined in the 'boundary_crossing_partnerships_rubric' subcategory B3. The focus is primarily on the methodology and findings of the study without discussing any collaborative efforts, incentives for partnerships, or support from policies that would facilitate such partnerships."
10.1101_2021.11.30.21267071.pdf,cross_disciplinary_team_science_rubric,T1,1,"The research publication demonstrates some elements of interdisciplinary collaboration, particularly through the use of a large, harmonized electronic health record (EHR) repository that integrates data from multiple clinical organizations. This suggests a multi-professional approach, as it involves various healthcare institutions and potentially different fields of expertise in analyzing the data. However, the text does not explicitly mention collaboration across distinct disciplines or fields beyond the healthcare context, which limits the score to a 1 rather than a 2."
10.1101_2021.11.30.21267071.pdf,cross_disciplinary_team_science_rubric,T2,1,"The publication demonstrates some aspects of knowledge integration and a holistic approach by utilizing a large, harmonized electronic health record (EHR) repository that combines data from multiple clinical organizations. This approach allows for a comprehensive analysis of the incidence of new-onset mental illness in COVID-19 patients compared to controls. However, while the study integrates various data sources and considers multiple health events, it does not explicitly discuss how different disciplines or fields of knowledge were integrated to inform the research, which limits its score to a 1 rather than a 2."
10.1101_2021.11.30.21267071.pdf,cross_disciplinary_team_science_rubric,T3,0,"The publication does not provide evidence of team leadership, shared resources, or team policies. While it mentions the use of data from the National COVID Cohort Collaborative (N3C) and the collaboration with various clinical organizations, there is no explicit discussion of how the team was structured, how resources were shared among team members, or any policies that guided the team's work. The focus is primarily on the methodology and findings of the study rather than on the collaborative aspects of the research team."
10.1101_2021.11.30.21267071.pdf,generalizable_solutions_rubric,G1,1,"The publication discusses the operational challenges of analyzing a large dataset from the National COVID Cohort Collaborative (N3C) and highlights the importance of using a harmonized electronic health record (EHR) repository. However, it does not explicitly address bottlenecks or roadblocks encountered during the research process or how these challenges were managed across multiple projects. While the study demonstrates a significant finding regarding the risk of new-onset mental illness post-COVID-19, it lacks detailed discussion on the generalizability of solutions to similar operational challenges in other research contexts."
10.1101_2021.11.30.21267071.pdf,generalizable_solutions_rubric,G2,1,"The research publication demonstrates some aspects of generalizable solutions, particularly in its comparison of COVID-19 patients to those with other respiratory tract infections. However, it primarily focuses on the specific context of COVID-19 and its associated mental health outcomes, rather than providing common solutions or insights that can be applied across a broader range of diseases or conditions. The findings are relevant to the specific condition of COVID-19 and its mental health implications, but they do not extend to a wider array of diseases or conditions, which limits their generalizability."
10.1101_2021.11.30.21267071.pdf,generalizable_solutions_rubric,G3,1,"The publication demonstrates some aspects of the 'generalizable_solutions_rubric' subcategory 'G3' by utilizing a large, harmonized dataset from the National COVID Cohort Collaborative (N3C) that includes data from multiple clinical organizations. This suggests an effort to share resources and create a more comprehensive understanding of the impact of COVID-19 on mental health across different organizational environments. However, while the study provides valuable insights, it does not explicitly discuss policies or frameworks that could facilitate the application of these findings in broader contexts, which limits its score to 1 rather than 2."
10.1186_s12916-024-03655-x.pdf,bold_rigorous_research_approaches_rubric,R1,2,"The research publication demonstrates an ambitious approach by utilizing a large observational sample from the National COVID Cohort Collaborative (N3C) to evaluate the relationship between SSRI use and Long COVID. The study employs rigorous methods, including nonparametric targeted maximum likelihood estimation and machine-learning-based techniques, to adjust for high-dimensional confounders, which indicates a high level of methodological sophistication. The focus on a significant public health issue, such as Long COVID, and the exploration of potential dose-response relationships further highlight the potential for major advances in understanding treatment implications. Overall, the study embodies high-risk, bold research that could lead to paradigm shifts in the management of Long COVID in patients with comorbid depression."
10.1186_s12916-024-03655-x.pdf,bold_rigorous_research_approaches_rubric,R2,2,"The research publication demonstrates rigorous methods by utilizing a large observational sample from the National COVID Cohort Collaborative (N3C) and employing advanced statistical techniques such as nonparametric targeted maximum likelihood estimation to adjust for high-dimensional covariates. The study design is robust, leveraging real-world data to explore the relationship between SSRI use and Long COVID while addressing potential biases. The use of standardized metrics (ICD-10 code U09.9) for outcomes and the careful definition of exposure and exclusion criteria further enhance the reproducibility and reliability of the findings. Overall, the methods align well with the principles of rigorous research approaches, ensuring that the study is both methodologically sound and capable of producing reproducible results."
10.1186_s12916-024-03655-x.pdf,bold_rigorous_research_approaches_rubric,R3,2,"The research publication demonstrates a rigorous approach to evaluating the relationship between SSRI use and Long COVID by utilizing a large observational sample from the National COVID Cohort Collaborative (N3C). The methods employed, including nonparametric targeted maximum likelihood estimation and machine-learning-based techniques, indicate a commitment to minimizing bias and rigorously adjusting for high-dimensional confounders. The study also emphasizes the importance of reproducibility and sharing data by leveraging a comprehensive electronic health records database, which enhances the potential for high-reward research outcomes. Overall, the publication reflects a strong adherence to the principles outlined in the rubric, particularly in terms of rigorous testing and the use of robust analytic methods."
10.1186_s12916-024-03655-x.pdf,boundary_crossing_partnerships_rubric,B1,1,"The publication demonstrates some elements of cross-sector partnerships, particularly through its use of data from the National COVID Cohort Collaborative (N3C), which involves collaboration among multiple healthcare institutions. However, it does not explicitly detail the nature of the partnerships or collaborations with industry or academia beyond the data-sharing aspect. While the research utilizes a large dataset that suggests a collaborative effort, the lack of specific mention of cross-sector partnerships limits the score to a 1 rather than a 2."
10.1186_s12916-024-03655-x.pdf,boundary_crossing_partnerships_rubric,B2,0,"The publication does not demonstrate the principle of 'boundary_crossing_partnerships_rubric' in subcategory 'B2' as it lacks evidence of community engagement, patient involvement, or collaborative research. The methods section primarily focuses on the observational analysis of electronic health records without indicating any active participation or collaboration with patients or community stakeholders in the research process. There is no mention of how patients were involved in the study design, data collection, or interpretation of results, which are essential components of meaningful community engagement and collaborative research."
10.1186_s12916-024-03655-x.pdf,boundary_crossing_partnerships_rubric,B3,0,"The publication does not demonstrate the principle of 'boundary_crossing_partnerships_rubric' in subcategory 'B3' as it lacks any mention of partnership incentives, reward systems, or policy support. The focus is primarily on the observational study design and analysis of data from the National COVID Cohort Collaborative (N3C) without addressing collaborative partnerships or incentives that would support cross-boundary research efforts."
10.1186_s12916-024-03655-x.pdf,cross_disciplinary_team_science_rubric,T1,2,"The research publication demonstrates a strong implementation of the 'cross_disciplinary_team_science_rubric' subcategory 'T1' by utilizing a large, diverse dataset from the National COVID Cohort Collaborative (N3C), which includes data from 83 healthcare institutions. The study involves interdisciplinary collaboration by integrating expertise from fields such as epidemiology, psychiatry, and data science, particularly through the use of advanced analytic methods like targeted machine learning to address complex health issues related to COVID-19 and mental health. The focus on a multi-professional approach is evident in the design and execution of the observational study, which aims to provide insights into the relationship between SSRI use and Long COVID, thereby reflecting a comprehensive cross-field effort."
10.1186_s12916-024-03655-x.pdf,cross_disciplinary_team_science_rubric,T2,2,"The research publication demonstrates a strong integration of knowledge across disciplines by utilizing a comprehensive observational analysis of electronic health records from a large cohort. The study employs advanced analytic methods, such as targeted machine learning, to address the complexities of high-dimensional data and confounding factors, which reflects a holistic approach to understanding the relationship between SSRI use and Long COVID. The inclusion of diverse data sources and the consideration of various covariates further exemplify the integration of knowledge from different fields, such as psychiatry, epidemiology, and data science, thereby fulfilling the criteria for the 'cross_disciplinary_team_science_rubric' subcategory T2."
10.1186_s12916-024-03655-x.pdf,cross_disciplinary_team_science_rubric,T3,1,"The publication demonstrates some aspects of the 'T3' subcategory of the cross-disciplinary team science rubric, particularly in terms of shared resources and team policies. The study utilizes data from the National COVID Cohort Collaborative (N3C), which indicates collaboration across multiple healthcare institutions and shared resources. However, there is limited information on team leadership and specific team policies, which are crucial for a higher score. Therefore, while there is evidence of collaboration and resource sharing, it does not fully meet the criteria for a score of 2."
10.1186_s12916-024-03655-x.pdf,generalizable_solutions_rubric,G1,1,"The publication discusses the use of observational data from a large cohort (N3C) to evaluate the relationship between SSRI use and Long COVID, highlighting the operational challenges of using electronic health records (EHR) data. It acknowledges potential bottlenecks such as missing data and confounding factors, and it employs advanced analytic methods (Targeted Machine Learning) to address these issues. However, while it identifies some operational challenges, it does not provide a comprehensive discussion of multiple projects or broader implications for generalizability across different contexts, which limits the score to 1."
10.1186_s12916-024-03655-x.pdf,generalizable_solutions_rubric,G2,1,"The research publication evaluates the relationship between SSRI use and Long COVID in a specific population (patients with COVID-19 and comorbid depression) using a large observational dataset (N3C) that includes diverse patient data from multiple healthcare institutions. However, while the study focuses on a specific condition (Long COVID), it does not explicitly demonstrate common solutions or generalizability across a broader range of diseases or conditions beyond the context of COVID-19 and depression. Therefore, it partially meets the criteria for generalizable solutions but does not fully encompass the broader applicability implied by the rubric."
10.1186_s12916-024-03655-x.pdf,generalizable_solutions_rubric,G3,1,"The publication demonstrates some aspects of the 'generalizable_solutions_rubric' subcategory 'G3' by utilizing a large observational dataset (N3C) that includes diverse patient data from multiple healthcare institutions. This approach allows for the evaluation of SSRI use and its relationship with Long COVID in a real-world context, which can inform shared resources and policies in healthcare settings. However, while the study design and methods are robust, the explicit discussion of how findings can be generalized to broader organizational environments or specific policy implications is limited, preventing a higher score."
10.1371_journal.pntd.0005655.pdf,bold_rigorous_research_approaches_rubric,R1,1,"The research publication demonstrates some elements of ambitious research and high-risk approaches, particularly in its investigation of ZIKV and its potential link to GBS. The use of human samples and the detailed methodology for analyzing plasmablasts and antibody responses indicate a rigorous approach. However, while the study is significant, it does not clearly indicate a paradigm shift or major advances that would warrant a higher score. The research is ambitious but does not fully meet the criteria for a score of 2."
10.1371_journal.pntd.0005655.pdf,bold_rigorous_research_approaches_rubric,R2,2,"The methods section demonstrates rigorous research approaches through detailed descriptions of the experimental procedures, including the collection of human samples, flow cytometry, plasmablast sorting, and antibody repertoire analysis. The use of specific techniques such as real-time reverse-transcriptase PCR for ZIKV detection, the application of a Ficoll-Paque gradient for PBMC isolation, and the thorough description of the sorting and analysis of plasmablasts indicate a robust approach. Additionally, the mention of obtaining written consent and approval from an Institutional Review Board reflects adherence to ethical standards, which supports reproducibility and the FAIR data principles. Overall, the methods are well-defined and reproducible, fulfilling the criteria for a score of 2."
10.1371_journal.pntd.0005655.pdf,bold_rigorous_research_approaches_rubric,R3,2,"The methods section demonstrates a rigorous approach to research by detailing the collection and handling of human samples, including ethical considerations such as informed consent and Institutional Review Board approval. The use of advanced techniques like flow cytometry, plasmablast sorting, and nested PCR for antibody repertoire analysis indicates a high level of methodological rigor. Additionally, the research emphasizes reproducibility through detailed protocols and the sharing of data (e.g., anonymized plasma samples from multiple sources). The focus on high-reward research is evident in the exploration of ZIKV-neutralizing antibodies, which has significant implications for public health. Overall, the methods reflect a commitment to rigorous testing and reproducibility, aligning well with the rubric's criteria."
10.1371_journal.pntd.0005655.pdf,boundary_crossing_partnerships_rubric,B1,0,The provided sections do not demonstrate any evidence of cross-sector partnerships or industry-academia collaboration. The methods described focus solely on laboratory techniques and patient sample collection without mentioning any collaboration with industry or other sectors. There is no indication of partnerships that would align with the principles of boundary-crossing partnerships as outlined in the rubric.
10.1371_journal.pntd.0005655.pdf,boundary_crossing_partnerships_rubric,B2,0,"The provided sections do not demonstrate community engagement, patient involvement, or collaborative research. The methods primarily focus on technical procedures for collecting and analyzing blood samples from a single patient, with no indication of broader community participation or collaborative efforts with patients or other stakeholders in the research process. There is no evidence of engagement with the community or patients beyond obtaining consent for sample collection."
10.1371_journal.pntd.0005655.pdf,boundary_crossing_partnerships_rubric,B3,0,"The provided sections do not demonstrate any evidence of partnership incentives, reward systems, or policy support, which are the key elements of the 'boundary_crossing_partnerships_rubric' subcategory 'B3'. The methods described focus solely on the technical aspects of the research, such as sample collection and analysis, without mentioning any collaborative efforts, partnerships, or supportive policies that would indicate a boundary-crossing partnership."
10.1371_journal.pntd.0005655.pdf,cross_disciplinary_team_science_rubric,T1,0,"The provided sections do not demonstrate evidence of interdisciplinary, multi-professional, or cross-field collaboration. The methods described focus primarily on laboratory techniques and procedures related to a specific study without mentioning contributions or perspectives from different disciplines or professions. There is no indication of a team that includes diverse expertise or collaboration across various fields, which is essential for scoring in the 'T1' subcategory of the rubric."
10.1371_journal.pntd.0005655.pdf,cross_disciplinary_team_science_rubric,T2,1,"The methods section demonstrates some level of knowledge integration through the use of various techniques (e.g., flow cytometry, PCR, and antibody expression) to study the immune response to ZIKV. However, the approach appears to be more focused on specific methodologies rather than a holistic integration of diverse disciplinary perspectives or collaborative efforts. While there is evidence of combining different scientific techniques, the overall approach does not fully embody a comprehensive cross-disciplinary team science perspective as outlined in the rubric."
10.1371_journal.pntd.0005655.pdf,cross_disciplinary_team_science_rubric,T3,0,"The provided sections do not demonstrate any evidence of team leadership, shared resources, or team policies. The methods described focus on the technical aspects of the research without mentioning collaboration among team members, the management of shared resources, or any established team policies that would indicate a cross-disciplinary team approach."
10.1371_journal.pntd.0005655.pdf,generalizable_solutions_rubric,G1,0,"The provided sections do not address any generalizable solutions, bottlenecks, roadblocks, multiple projects, or operational challenges. The methods described focus on specific experimental procedures and patient details without discussing broader implications or challenges that could be applicable to other research contexts or projects. There is no indication of how the findings might be generalized or applied to other situations, nor is there any mention of operational challenges faced during the research."
10.1371_journal.pntd.0005655.pdf,generalizable_solutions_rubric,G2,0,The provided sections focus on a specific case study involving a single patient with Zika virus infection and do not demonstrate generalizable solutions across diseases or a range of conditions. The methods described are tailored to this particular instance and do not indicate common solutions that could be applied to other diseases or conditions. There is no evidence of findings or methodologies that could be generalized beyond the specific context of this research.
10.1371_journal.pntd.0005655.pdf,generalizable_solutions_rubric,G3,0,"The provided sections focus on specific methods and procedures related to the collection and analysis of blood samples from a single patient, as well as the technical details of antibody expression and purification. There is no mention of shared resources, policies, or an organizational environment that would indicate a broader applicability or generalizability of the solutions presented in the research. The study appears to be highly specific to the individual case and does not provide insights or frameworks that could be generalized to other contexts or populations."
10.1371_journal.pone.0215867.pdf,bold_rigorous_research_approaches_rubric,R1,1,"The research employs a linkage of extensive datasets to investigate the relationship between firefighting-related occupations and cancer incidence, which reflects an ambitious approach. However, while the study addresses an important public health issue, it does not clearly indicate a paradigm shift or high-risk methodology that could lead to major advances in the field. The methods are rigorous but do not fully meet the criteria for a score of 2, as they do not demonstrate the highest level of ambition or risk typically associated with groundbreaking research."
10.1371_journal.pone.0215867.pdf,bold_rigorous_research_approaches_rubric,R2,2,"The research publication demonstrates rigorous methods by utilizing a probabilistic linkage between two comprehensive datasets (Florida Cancer Data System and Florida State Fire Marshal’s Office) to analyze cancer cases among firefighters. The methodology is clearly described, including the adjustment for other occupation and cancer-related factors, which enhances the robustness of the approach. The use of odds ratios with confidence intervals provides a statistical basis for the findings, contributing to reproducibility. Additionally, the authors confirm that they did not have special access privileges, which supports the principle of FAIR data. Overall, the methods employed are rigorous and well-documented, fulfilling the criteria for this subcategory."
10.1371_journal.pone.0215867.pdf,bold_rigorous_research_approaches_rubric,R3,2,"The research publication demonstrates a rigorous approach by utilizing a comprehensive dataset from the Florida Cancer Data System and the Florida State Fire Marshal’s Office, which enhances the reliability of the findings. The methodology includes probabilistic linkage of data, which is a robust method for ensuring data accuracy and completeness. The study also provides detailed statistical analyses, including odds ratios and confidence intervals, which indicate rigorous testing of hypotheses. Furthermore, the authors confirm that they did not have special access privileges, promoting transparency and reproducibility. The research addresses a high-reward area by investigating the potential link between firefighting occupations and cancer, which is significant for public health. Overall, the methods employed reflect a commitment to high-quality, reproducible research practices."
10.1371_journal.pone.0215867.pdf,boundary_crossing_partnerships_rubric,B1,1,"The research publication demonstrates some elements of cross-sector partnerships, specifically between the Florida Cancer Data System and the Florida State Fire Marshal’s Office. The collaboration involves linking data from these two entities to analyze cancer cases among firefighters, which indicates a partnership between academia (researchers) and industry (firefighting sector). However, the details provided do not elaborate on the depth or breadth of the partnership, such as joint funding, shared resources, or co-development of research objectives, which would be necessary for a higher score. Thus, while there is evidence of collaboration, it is limited in scope."
10.1371_journal.pone.0215867.pdf,boundary_crossing_partnerships_rubric,B2,0,"The publication does not demonstrate community engagement, patient involvement, or collaborative research as outlined in the 'boundary_crossing_partnerships_rubric' subcategory 'B2'. The methods section primarily describes data linkage and analysis without indicating any involvement of community members or patients in the research process. There is no mention of partnerships with community organizations or stakeholders, nor is there evidence of collaborative efforts that include input or participation from the affected populations (firefighters in this case). The focus is strictly on data analysis rather than on engaging the community or patients in the research."
10.1371_journal.pone.0215867.pdf,boundary_crossing_partnerships_rubric,B3,0,"The publication does not demonstrate the principle of 'boundary_crossing_partnerships_rubric' in subcategory 'B3' as it lacks any mention of partnership incentives, reward systems, or policy support. The methods and results sections focus solely on the data linkage and analysis without discussing collaborative efforts, incentives for partnerships, or any supportive policies that would facilitate such partnerships."
10.1371_journal.pone.0215867.pdf,cross_disciplinary_team_science_rubric,T1,2,"The research publication demonstrates a strong implementation of the principle of cross-disciplinary team science, particularly in subcategory T1. The study involves collaboration among multiple professionals from different fields, including cancer epidemiology, data analysis, and fire safety, as evidenced by the diverse authorship and the integration of data from the Florida Cancer Data System and the Florida State Fire Marshal’s Office. The methodology section highlights the interdisciplinary approach taken to link cancer registry data with firefighter certification records, showcasing a multi-professional effort to address the research question. The involvement of various experts in different roles (methodology, project administration, software, supervision, validation, and writing) further emphasizes the cross-disciplinary nature of the research."
10.1371_journal.pone.0215867.pdf,cross_disciplinary_team_science_rubric,T2,1,"The research publication demonstrates some level of knowledge integration by linking data from two distinct sources (the Florida Cancer Data System and the Florida State Fire Marshal’s Office) to analyze cancer cases among firefighters. However, while there is a clear effort to combine data for a more comprehensive understanding of the issue, the approach does not fully embody a holistic approach as it primarily focuses on the statistical analysis of linked datasets without a broader interdisciplinary perspective or integration of diverse knowledge areas beyond the immediate data sources."
10.1371_journal.pone.0215867.pdf,cross_disciplinary_team_science_rubric,T3,1,"The publication demonstrates some aspects of the 'T3' subcategory of the 'cross_disciplinary_team_science_rubric' by indicating team leadership and collaboration among multiple authors with defined roles in the methodology, project administration, supervision, and writing processes. However, there is limited information on shared resources and team policies, which are also key components of this subcategory. The presence of a diverse team working on the project suggests some level of collaboration, but the lack of explicit mention of shared resources or formal team policies prevents a higher score."
10.1371_journal.pone.0215867.pdf,generalizable_solutions_rubric,G1,1,"The publication identifies significant operational challenges related to the availability and accuracy of occupation codes in cancer registry data for firefighters. It highlights bottlenecks, such as the high percentage (47%) of missing occupation codes among the linked firefighter cancer cases, which indicates a roadblock in data completeness. While the study provides insights into the demographic variations in occupation code presence, it does not fully explore solutions to these challenges or how they might be generalized to other contexts or projects. Therefore, it partially meets the criteria for generalizable solutions but lacks comprehensive strategies for addressing the identified issues."
10.1371_journal.pone.0215867.pdf,generalizable_solutions_rubric,G2,1,"The research publication focuses on a specific population (career firefighters in Florida) and examines cancer cases related to their occupation. While it provides insights into the prevalence of firefighting-related cancer cases, it does not demonstrate a clear application of common solutions or generalizable findings across a range of conditions or diseases. The results are limited to firefighters and do not extend to other occupations or health conditions, which restricts the generalizability of the findings. Therefore, it partially meets the criteria for the subcategory 'G2' but does not fully demonstrate the principle of generalizable solutions across diseases."
10.1371_journal.pone.0215867.pdf,generalizable_solutions_rubric,G3,1,"The publication demonstrates some aspects of the principle of generalizable solutions, particularly in the context of shared resources and organizational environment. The study utilizes data from the Florida Cancer Data System and the Florida State Fire Marshal’s Office, indicating a collaboration between organizations to address a public health issue. However, while the methods and results provide valuable insights into the occupation codes of firefighters and their cancer diagnoses, the findings are specific to Florida and may not be easily generalizable to other states or contexts without further validation. Thus, it partially meets the criteria for this subcategory."
10.5888_pcd11.130264.pdf,bold_rigorous_research_approaches_rubric,R1,1,"The research publication demonstrates some elements of ambitious research by addressing a significant public health issue—late-stage diagnosis of colorectal cancer in Florida. The use of SaTScan for cluster detection indicates a rigorous approach to identifying high-risk areas, which could lead to major advances in public health interventions. However, while the study acknowledges the challenges and limitations of the methods used, it does not fully embrace high-risk or paradigm-shifting approaches that would warrant a higher score. The focus remains on methodological rigor rather than on bold, innovative strategies that could lead to transformative outcomes."
10.5888_pcd11.130264.pdf,bold_rigorous_research_approaches_rubric,R2,2,"The publication demonstrates rigorous methods by detailing the selection and impact of various analytical approaches using SaTScan for detecting clusters of late-stage colorectal cancer diagnoses. It emphasizes the importance of method selection and its influence on results, showcasing a robust approach to spatial analysis. The study also adheres to reproducibility principles by providing a clear methodology, including data sources and analysis techniques, which allows for potential replication. Furthermore, the research aligns with FAIR data principles by utilizing publicly available cancer registry data and ensuring ethical approval for the study. Overall, the methods employed are thorough and well-articulated, fulfilling the criteria for this rubric subcategory."
10.5888_pcd11.130264.pdf,bold_rigorous_research_approaches_rubric,R3,2,"The publication demonstrates a rigorous approach to research by identifying and addressing common issues encountered by users of SaTScan, detailing the selection of appropriate methods, and explaining how these choices can impact results. The study employs high-reward research by focusing on the significant public health issue of late-stage colorectal cancer diagnosis in Florida, which has implications for screening interventions. The methods used are thoroughly described, including the analysis of a large dataset and the consideration of various methodological choices, which enhances reproducibility. The authors also acknowledge the limitations of their methods and the potential for underpowered analyses, indicating a commitment to rigorous testing and transparency in their research. Overall, the publication aligns well with the principles outlined in the rubric for subcategory R3."
10.5888_pcd11.130264.pdf,boundary_crossing_partnerships_rubric,B1,1,"The publication discusses the use of SaTScan software for detecting clusters of late-stage colorectal cancer diagnoses in Florida, which indicates a partnership between academia (researchers) and public health entities (Florida Department of Health, CDC, and National Cancer Institute). However, while it touches on cross-sector collaboration, it does not provide extensive details on how these partnerships were formed or their impact on the research outcomes. Therefore, it demonstrates some level of cross-sector partnership but lacks depth in illustrating the collaborative process, justifying a score of 1."
10.5888_pcd11.130264.pdf,boundary_crossing_partnerships_rubric,B2,0,"The publication does not demonstrate the principle of 'boundary_crossing_partnerships_rubric' in subcategory 'B2' as it lacks evidence of community engagement, patient involvement, or collaborative research. While the study analyzes data related to colorectal cancer screening in Florida, it does not mention any partnerships with community organizations, patient advocacy groups, or direct involvement of patients in the research process. The focus is primarily on methodological analysis rather than on engaging the community or patients in the research."
10.5888_pcd11.130264.pdf,boundary_crossing_partnerships_rubric,B3,1,"The publication discusses the use of SaTScan software for detecting clusters of late-stage colorectal cancer diagnoses in Florida, highlighting the importance of methodological choices and their impact on results. However, it lacks explicit mention of partnership incentives, reward systems, or policy support that would indicate a robust boundary-crossing partnership. While the research addresses public health interventions and identifies high-risk areas, it does not provide evidence of collaborative efforts or incentives that would enhance partnerships across different sectors or stakeholders. Thus, it partially meets the criteria for subcategory B3 but does not fully demonstrate the principle."
10.5888_pcd11.130264.pdf,cross_disciplinary_team_science_rubric,T1,1,"The publication demonstrates some elements of interdisciplinary and cross-field collaboration, particularly in its use of SaTScan software, which is commonly utilized in public health and epidemiology. The study involves a multi-professional approach by integrating methods from epidemiology, public health, and statistical analysis to address the issue of colorectal cancer screening in Florida. However, the text does not explicitly mention collaboration among diverse professional fields or teams, which limits the score to a 1 rather than a 2."
10.5888_pcd11.130264.pdf,cross_disciplinary_team_science_rubric,T2,2,"The publication demonstrates a strong integration of knowledge across disciplines by employing various methods of spatial analysis to detect clusters of late-stage colorectal cancer diagnosis. The authors emphasize the importance of methodological choices and their impact on results, showcasing a holistic approach to understanding public health issues. They consider the implications of their findings for different racial and ethnic populations, indicating a comprehensive understanding of the complexities involved in cancer screening and diagnosis. This reflects a clear commitment to knowledge integration and a holistic approach, fulfilling the criteria for the subcategory 'T2' of the 'cross_disciplinary_team_science_rubric'."
10.5888_pcd11.130264.pdf,cross_disciplinary_team_science_rubric,T3,1,"The publication demonstrates some aspects of the 'T3' subcategory of the 'cross_disciplinary_team_science_rubric' by discussing the use of shared resources, such as the SaTScan software funded by the CDC and the National Cancer Institute. However, it lacks explicit details on team leadership and team policies, which are crucial for a higher score. The focus is primarily on methodological choices and their implications rather than on the collaborative dynamics of a cross-disciplinary team. Therefore, while there is some evidence of shared resources, the absence of clear team leadership and policies limits the score to 1."
10.5888_pcd11.130264.pdf,generalizable_solutions_rubric,G1,2,"The publication effectively identifies and discusses operational challenges and bottlenecks encountered by SaTScan users, particularly in the context of detecting clusters of late-stage colorectal cancer diagnoses in Florida. It highlights the importance of method selection and its impact on results, addressing potential roadblocks such as underpowered analyses and the concealment of true differences in disease rates. The study also emphasizes the need for careful consideration of methodological choices, which is crucial for generalizable solutions in public health interventions. Overall, the research demonstrates a clear understanding of the challenges faced in multiple projects and provides insights that can be generalized to similar public health analyses."
10.5888_pcd11.130264.pdf,generalizable_solutions_rubric,G2,2,"The publication demonstrates the principle of generalizable solutions by identifying common methods for detecting clusters of late-stage colorectal cancer (CRC) across different populations in Florida. It discusses the use of SaTScan, a widely used tool in public health, to analyze data from various racial and ethnic groups, highlighting that similar high-risk areas were identified regardless of the method or scale used. This indicates that the findings and methods can be applicable across a range of conditions and diseases, fulfilling the criteria of the rubric's subcategory G2."
10.5888_pcd11.130264.pdf,generalizable_solutions_rubric,G3,2,"The publication demonstrates a clear understanding of the importance of shared resources and policies in the context of public health interventions, particularly through the use of SaTScan for detecting clusters of late-stage colorectal cancer diagnoses. The methods section outlines how the software is utilized in routine public health operations and emphasizes the need for careful method selection to ensure accurate results. Additionally, the focus on specific populations with low screening rates highlights the organizational environment's role in addressing health disparities. The findings suggest that the research can inform policies aimed at improving screening interventions in high-risk areas, thus providing generalizable solutions that can be applied in similar contexts."
10.5888_pcd17.200263.pdf,bold_rigorous_research_approaches_rubric,R1,2,"The publication demonstrates ambitious research by developing the SCAN360 platform, which aims to integrate and visualize comprehensive cancer data across various demographics and geographies. This initiative represents a paradigm shift in how cancer statistics and risk factors are analyzed and presented, promoting data-driven decision-making in public health. The research is high-risk as it involves the adaptation of methodologies and the incorporation of diverse data sources, which could lead to major advances in understanding cancer incidence and mortality. The exploration of additional features, such as machine learning and enhanced visualization tools, further underscores the ambitious nature of this research approach."
10.5888_pcd17.200263.pdf,bold_rigorous_research_approaches_rubric,R2,2,"The publication demonstrates rigorous methods through the use of advanced statistical techniques, such as the frailty survival model and the tidyverse R package for data analysis. It emphasizes reproducibility by detailing the software and packages used for data extraction and analysis, ensuring that others can replicate the study. The SCAN360 platform is designed to provide FAIR data, making it accessible and usable for researchers and decision-makers. The approach is robust, incorporating a variety of relevant risk factors and expert input, which enhances the validity of the findings. Overall, the methods employed are thorough and well-documented, aligning with the principles of rigorous research."
10.5888_pcd17.200263.pdf,bold_rigorous_research_approaches_rubric,R3,2,"The publication demonstrates a strong commitment to rigorous research approaches through the development and utilization of the SCAN360 platform. It emphasizes high-reward research by integrating comprehensive cancer statistics and relevant behavioral and environmental risk factors, which are crucial for understanding cancer incidence and mortality. The methodology includes rigorous testing and data analysis using established statistical software (R) and incorporates expert advice and literature reviews to select relevant factors. Additionally, the platform promotes reproducibility and data sharing by allowing researchers to request data exports and by planning to enhance accessibility through self-service tools. Overall, the publication exemplifies the principles of rigorous research approaches, making it deserving of a score of 2."
10.5888_pcd17.200263.pdf,boundary_crossing_partnerships_rubric,B1,1,"The publication discusses the SCAN360 platform, which integrates data from various sources, including federal agencies and community input, to support decision-making in public health. While it demonstrates some elements of cross-sector partnerships by involving health care professionals, researchers, and community leaders, it lacks explicit mention of industry-academia collaboration or partnerships with specific sectors outside of public health. Therefore, it partially meets the criteria for the subcategory but does not fully exemplify the principle of boundary-crossing partnerships."
10.5888_pcd17.200263.pdf,boundary_crossing_partnerships_rubric,B2,1,"The publication demonstrates some level of community engagement and collaborative research through the development of the SCAN360 platform, which integrates comprehensive data for decision makers, health care professionals, and community leaders. The involvement of experts in the fields of cancer epidemiology and health disparities suggests an effort to incorporate diverse perspectives. However, there is limited explicit mention of direct patient involvement or active community participation in the research process, which prevents a higher score."
10.5888_pcd17.200263.pdf,boundary_crossing_partnerships_rubric,B3,1,"The publication discusses the SCAN360 platform, which aims to integrate and visualize comprehensive data across various levels of geography and demographics, promoting data-driven decision-making and resource allocation. However, while it mentions the involvement of experts and the use of various data sources, it lacks explicit details on partnership incentives, reward systems, or policy support that would fully demonstrate the implementation of boundary-crossing partnerships. Therefore, it partially meets the criteria but does not fully satisfy the requirements for a higher score."
10.5888_pcd17.200263.pdf,cross_disciplinary_team_science_rubric,T1,2,"The publication demonstrates a strong implementation of the 'cross_disciplinary_team_science_rubric' subcategory 'T1' by incorporating interdisciplinary approaches and expertise from various fields such as cancer epidemiology, medical oncology, social epidemiology, and health disparities. The SCAN360 platform integrates comprehensive data across multiple domains, including behavioral, environmental, and clinical factors, which reflects a multi-professional collaboration aimed at enhancing public health decision-making. The involvement of experts and the use of diverse data sources further emphasize the cross-field nature of the research, aligning well with the rubric's keywords."
10.5888_pcd17.200263.pdf,cross_disciplinary_team_science_rubric,T2,2,"The publication demonstrates a strong integration of knowledge across various disciplines, including cancer epidemiology, social epidemiology, and health disparities. The SCAN360 platform is designed to provide a holistic approach by incorporating a wide range of data, including behavioral, environmental, and clinical risk factors, which are essential for understanding cancer incidence and mortality. The research team actively sought input from experts in multiple fields and conducted literature reviews to ensure comprehensive data integration. This collaborative effort and the focus on diverse data sources exemplify the principles of knowledge integration and a holistic approach, fulfilling the criteria for the subcategory 'T2' of the cross-disciplinary team science rubric."
10.5888_pcd17.200263.pdf,cross_disciplinary_team_science_rubric,T3,2,"The publication demonstrates strong implementation of the 'T3' subcategory of the cross-disciplinary team science rubric. It highlights team leadership through collaboration with experts in various fields such as cancer epidemiology and health disparities, indicating a well-structured team approach. The shared resources are evident in the SCAN360 platform, which integrates comprehensive data from multiple sources, allowing for collaborative research and data sharing among decision makers, health care professionals, and researchers. Additionally, the mention of developing self-service export tools and the ongoing exploration of enhancing the platform's capabilities reflects proactive team policies aimed at improving accessibility and usability of shared resources. Overall, the publication effectively showcases the principles of team leadership, shared resources, and team policies."
10.5888_pcd17.200263.pdf,generalizable_solutions_rubric,G1,2,"The publication demonstrates a clear understanding of operational challenges and bottlenecks in public health research through the development of the SCAN360 platform. It addresses multiple projects by integrating various cancer statistics, risk factors, and data sources, which can be generalized to other health issues and geographic areas. The methods described indicate a systematic approach to overcoming roadblocks in data accessibility and visualization, promoting data-driven decision-making. The exploration of enhancements and the inclusion of diverse data types further support the generalizability of the solutions presented."
10.5888_pcd17.200263.pdf,generalizable_solutions_rubric,G2,2,"The publication demonstrates the principle of generalizable solutions by discussing the SCAN360 platform, which aims to provide comprehensive data across various diseases and conditions, including cancer, HIV, and stroke. It emphasizes the integration of data across different demographics and geographic areas, promoting data-driven decision-making and resource allocation. The mention of adapting methodologies and including a range of risk and protective factors further supports the idea of common solutions applicable across various health conditions. The platform's design to facilitate research and decision-making across multiple diseases indicates a strong alignment with the rubric's focus on generalizable solutions across diseases and a range of conditions."
10.5888_pcd17.200263.pdf,generalizable_solutions_rubric,G3,2,"The publication demonstrates the principle of generalizable solutions by providing a comprehensive platform (SCAN360) that integrates and visualizes data across various levels of geography and demographic groups. It emphasizes the use of shared resources, such as data from federal agencies and community surveys, to inform decision-making and resource allocation in public health. The methodology adapts to different cancer types and incorporates a variety of relevant behavioral and environmental risk factors, showcasing a flexible organizational environment that can be tailored to different contexts. This approach supports the development of policies and practices that can be generalized to other settings, fulfilling the criteria for the subcategory 'G3'."
10.1038_srep03872.pdf,bold_rigorous_research_approaches_rubric,R1,2,"The research publication demonstrates ambitious research by introducing a novel in vivo imaging method that allows for repetitive, non-invasive observation of transplanted glomeruli, which is a significant advancement over existing techniques. The approach is high-risk due to its artificial nature and the challenges associated with transplanting human glomeruli into mice, yet it holds the potential for major advances in understanding human glomerular diseases. The exploration of the roles of humoral factors and blood cells in glomerular function, as well as the implications for studying disease pathogenesis, indicates a paradigm shift in the field. Overall, the publication embodies the principles of bold and rigorous research approaches."
10.1038_srep03872.pdf,bold_rigorous_research_approaches_rubric,R2,2,"The methods section demonstrates rigorous research approaches by employing established in vivo imaging techniques and providing a robust model for studying glomerular function. The use of non-invasive imaging, the ability to manipulate the system with drug applications, and the detailed quantification of fluorescence intensity indicate a strong emphasis on reproducibility and rigorous methods. Additionally, the discussion of future directions, including the transplantation of human glomeruli into mice, highlights a commitment to advancing research in a reproducible manner. The approach is well-structured and addresses the complexities of glomerular physiology, fulfilling the criteria for rigorous methods and reproducibility."
10.1038_srep03872.pdf,bold_rigorous_research_approaches_rubric,R3,2,"The research publication demonstrates a high level of rigor in its approach to studying glomerular function through innovative in vivo imaging methods. The authors provide a detailed description of their methodology, highlighting the technical advantages of their system over traditional methods, which supports reproducibility and rigorous testing. They also discuss future directions for their research, including the potential for high-reward outcomes such as studying human glomerular diseases. The emphasis on sharing data and the potential for broader applications further aligns with the principles of high-reward research. Overall, the publication exemplifies a commitment to rigorous research approaches, justifying a score of 2."
10.1038_srep03872.pdf,boundary_crossing_partnerships_rubric,B1,0,"The provided sections do not demonstrate any evidence of cross-sector partnerships or industry-academia collaboration. The focus is primarily on technical methods and experimental models related to glomerular function, without any mention of collaboration with industry or other sectors. There are no keywords related to partnerships or cross-sector collaboration present in the text."
10.1038_srep03872.pdf,boundary_crossing_partnerships_rubric,B2,0,"The provided sections do not demonstrate community engagement, patient involvement, or collaborative research. The focus is primarily on technical methodologies and experimental models without any indication of collaboration with community members or patients, nor any mention of their involvement in the research process. Therefore, it does not meet the criteria for the subcategory 'B2' of the boundary-crossing partnerships rubric."
10.1038_srep03872.pdf,boundary_crossing_partnerships_rubric,B3,0,"The provided sections do not mention any partnership incentives, reward systems, or policy support related to boundary-crossing partnerships. The focus is primarily on technical methods and experimental models for studying glomerular function, without any indication of collaborative efforts or incentives that would align with the rubric's subcategory B3."
10.1038_srep03872.pdf,cross_disciplinary_team_science_rubric,T1,1,"The publication demonstrates some elements of interdisciplinary and cross-field collaboration, particularly in the development of a novel transplantation model for studying glomerular function. The methods described involve the integration of techniques from different scientific fields, such as in vivo imaging and transplantation biology. However, the text does not explicitly mention a multi-professional team or collaboration across diverse disciplines, which limits the score to a 1 rather than a 2."
10.1038_srep03872.pdf,cross_disciplinary_team_science_rubric,T2,2,"The publication demonstrates a strong integration of knowledge across disciplines by employing advanced imaging techniques and transplantation models to study glomerular function. The methods described reflect a holistic approach, as they consider the interplay of various biological factors, such as humoral factors and blood cells, in the context of glomerular physiology. The research also explores the implications of these findings for human glomerular diseases, indicating a comprehensive understanding of the subject matter that transcends traditional disciplinary boundaries."
10.1038_srep03872.pdf,cross_disciplinary_team_science_rubric,T3,0,"The provided sections do not demonstrate evidence of team leadership, shared resources, or team policies. The focus is primarily on the technical aspects of the research methodology and the advantages of the imaging techniques used, without any mention of collaborative efforts, resource sharing, or established team policies that would indicate a cross-disciplinary team approach."
10.1038_srep03872.pdf,generalizable_solutions_rubric,G1,1,"The publication discusses a novel transplantation model for studying glomerular function, highlighting its technical advantages and potential applications in understanding human glomerular diseases. However, while it mentions operational challenges and the artificial nature of the system, it does not explicitly address bottlenecks or roadblocks encountered in implementing this model across multiple projects. The focus is primarily on the advantages and future directions rather than on generalizable solutions to operational challenges. Thus, it partially meets the criteria for the subcategory but lacks comprehensive discussion on generalizability."
10.1038_srep03872.pdf,generalizable_solutions_rubric,G2,1,"The publication discusses a transplantation model for studying glomerular function, which may have implications across different diseases, particularly glomerular diseases. It highlights the potential for common solutions in understanding the roles of various factors in glomerular function and disease pathogenesis. However, the focus remains primarily on a specific model rather than explicitly demonstrating solutions that are generalizable across a wide range of conditions or diseases. Thus, while there is some indication of generalizability, it is not fully realized, warranting a score of 1."
10.1038_srep03872.pdf,generalizable_solutions_rubric,G3,1,"The publication discusses a novel transplantation model for studying glomerular function, which highlights the potential for shared resources and policies in the context of research methodologies. However, while it mentions the advantages of the model and its implications for studying human glomerular diseases, it does not explicitly address how these findings can be generalized to broader organizational environments or policies. The focus is primarily on the technical aspects and specific applications of the model rather than on broader implications for shared resources or organizational policies. Thus, it partially meets the criteria for generalizability but lacks a comprehensive discussion on the organizational environment aspect."
10.3389_fnins.2023.1296475.pdf,bold_rigorous_research_approaches_rubric,R1,1,"The research demonstrates some ambitious elements, particularly in exploring the therapeutic benefits of targeted hypothermia following noise exposure, which could lead to major advances in understanding and treating noise-induced hearing loss (NIHL). However, while the study employs a novel approach, it does not fully embody the characteristics of high-risk or paradigm-shifting research, as it builds on existing knowledge rather than proposing a radically new concept. The methods are rigorous and well-defined, but the overall ambition and potential for a paradigm shift are somewhat limited, leading to a score of 1."
10.3389_fnins.2023.1296475.pdf,bold_rigorous_research_approaches_rubric,R2,2,"The research publication demonstrates rigorous methods through a well-defined experimental design, including random group assignment, controlled noise exposure, and detailed auditory brainstem response testing. The methods are reproducible, as they follow established protocols and utilize validated techniques for measuring hearing thresholds and conducting transcriptomic analysis. Additionally, the study emphasizes the importance of physiological monitoring and temperature regulation, which contributes to the robustness of the approach. The mention of a companion study further supports the reproducibility and reliability of the findings. Overall, the methods align well with the principles of rigorous research, ensuring that the data generated is both reliable and FAIR (Findable, Accessible, Interoperable, and Reusable)."
10.3389_fnins.2023.1296475.pdf,bold_rigorous_research_approaches_rubric,R3,2,"The research publication demonstrates a high level of rigor in its methodology, including a well-defined experimental design with appropriate controls (Noise + Normothermia, Noise + Hypothermia, and Unexposed Control groups). The use of validated techniques for auditory brainstem response (ABR) testing and the detailed description of the hypothermia intervention indicate a commitment to rigorous testing. Additionally, the study builds on previous findings (Rincon Sabatino et al., 2023), suggesting a high-reward research approach by exploring the therapeutic benefits of hypothermia in mitigating noise-induced hearing loss. The methods also imply a focus on reproducibility, as they are clearly outlined and can be replicated in future studies. Overall, the publication meets the criteria for high-reward research, rigorous testing, and reproducibility, warranting a score of 2."
10.3389_fnins.2023.1296475.pdf,boundary_crossing_partnerships_rubric,B1,0,"The publication does not demonstrate the principle of 'boundary_crossing_partnerships_rubric' in subcategory 'B1' as it lacks evidence of cross-sector partnerships or industry-academia collaboration. The methods described focus solely on experimental procedures involving animal models and do not mention any collaboration with industry or other sectors. There is no indication of partnerships that would typically involve cross-sector engagement, such as collaboration with industry stakeholders or interdisciplinary research teams."
10.3389_fnins.2023.1296475.pdf,boundary_crossing_partnerships_rubric,B2,0,"The provided sections do not demonstrate any evidence of community engagement, patient involvement, or collaborative research. The study focuses solely on animal research without any indication of partnerships with community members or patients, nor does it involve collaborative efforts with external stakeholders. The methods described are strictly experimental and do not reflect a boundary-crossing partnership approach."
10.3389_fnins.2023.1296475.pdf,boundary_crossing_partnerships_rubric,B3,0,"The provided sections do not demonstrate any evidence of partnership incentives, reward systems, or policy support related to boundary-crossing partnerships. The focus is primarily on the experimental methods and results of the study without any mention of collaborative efforts, incentives for partnerships, or supportive policies that would indicate a broader partnership framework."
10.3389_fnins.2023.1296475.pdf,cross_disciplinary_team_science_rubric,T1,1,"The research publication demonstrates some elements of interdisciplinary and multi-professional collaboration, particularly through the use of various methodologies (transcriptomic analysis, auditory brainstem response tests, and targeted temperature management) that suggest a combination of expertise from fields such as neuroscience, audiology, and possibly biomedical engineering. However, the text does not explicitly mention collaboration across different professional fields or disciplines, which limits the score to a 1 rather than a 2."
10.3389_fnins.2023.1296475.pdf,cross_disciplinary_team_science_rubric,T2,1,"The research publication demonstrates some elements of knowledge integration and a holistic approach, particularly in the context of using hypothermia as a treatment for noise-induced hearing loss (NIHL). The study integrates knowledge from different areas, such as transcriptomic analysis, auditory brainstem response testing, and temperature management techniques. However, the integration is primarily focused on a specific intervention rather than a broader interdisciplinary collaboration or a comprehensive holistic approach that encompasses multiple disciplines or perspectives. Therefore, it does not fully meet the criteria for a higher score."
10.3389_fnins.2023.1296475.pdf,cross_disciplinary_team_science_rubric,T3,0,"The provided sections do not demonstrate evidence of team leadership, shared resources, or team policies. While the study involves a complex experimental design and collaboration with a companion study, there is no explicit mention of a cross-disciplinary team or the management of shared resources and policies that would indicate a structured team science approach. The focus is primarily on the methodology and results of the specific experiments without reference to collaborative efforts or team dynamics."
10.3389_fnins.2023.1296475.pdf,generalizable_solutions_rubric,G1,1,"The publication discusses a specific experimental setup involving noise-induced hearing loss and hypothermia treatment in juvenile rats, which may not directly address broader operational challenges or bottlenecks that could be generalized across multiple projects. While the study provides insights into a particular intervention, it lacks a clear discussion of how these findings could be applied to other contexts or projects, which is necessary for a higher score in the generalizable solutions rubric. The focus remains narrow, primarily on the specific methodology and results without addressing potential roadblocks or broader implications."
10.3389_fnins.2023.1296475.pdf,generalizable_solutions_rubric,G2,0,"The research publication focuses specifically on the effects of hypothermia on noise-induced hearing loss in juvenile rats, which is a very specific condition. There is no indication that the findings or methods are applicable across a range of diseases or conditions, nor do they suggest common solutions that could be generalized to other contexts. The study appears to be limited to a single model of hearing loss without addressing broader implications or applications to other diseases or conditions."
10.3389_fnins.2023.1296475.pdf,generalizable_solutions_rubric,G3,0,"The publication does not demonstrate the principle of generalizable solutions in the context of shared resources, policies, or organizational environment. The study focuses on a specific experimental setup involving juvenile rats and targeted temperature management following noise exposure, which lacks broader applicability to organizational or policy contexts. There is no discussion of how the findings could be translated into shared resources or policies that could be implemented in other settings or organizations."
10.1017_s0963180114000577.pdf,bold_rigorous_research_approaches_rubric,R1,0,"The provided sections do not demonstrate ambitious research or high-risk approaches that could lead to major advances or a paradigm shift. The focus appears to be on ethical, legal, and social implications of technology in healthcare rather than on bold or rigorous research methodologies. There is no indication of a significant or innovative research agenda that aligns with the criteria for this subcategory."
10.1017_s0963180114000577.pdf,bold_rigorous_research_approaches_rubric,R2,0,"The provided sections do not demonstrate the use of rigorous methods, reproducibility, FAIR data principles, or a robust approach. While there is mention of ethical considerations and the importance of responsible conduct in research, there is no specific evidence of rigorous research methodologies or practices that would support a score in this subcategory. The content appears more focused on ethical implications rather than the rigorous research approaches required for a higher score."
10.1017_s0963180114000577.pdf,bold_rigorous_research_approaches_rubric,R3,0,"The provided sections do not demonstrate the implementation of the 'bold_rigorous_research_approaches_rubric' subcategory 'R3'. There is no mention of high-reward research, reproducibility, sharing data, or rigorous testing. The focus appears to be on ethical, legal, and social implications rather than on the rigorous methodologies or testing of research findings."
10.1017_s0963180114000577.pdf,boundary_crossing_partnerships_rubric,B1,0,"The relevant sections do not provide evidence of cross-sector partnerships or industry-academia collaboration. While they mention the importance of ethical, legal, and social issues in research, there is no indication of collaboration between different sectors or institutions. The focus appears to be on bioethical inquiry without explicit mention of partnerships that would meet the criteria for this rubric subcategory."
10.1017_s0963180114000577.pdf,boundary_crossing_partnerships_rubric,B2,0,"The relevant sections do not provide evidence of community engagement, patient involvement, or collaborative research. The focus appears to be on ethical, legal, and social issues related to technology in healthcare rather than on partnerships that involve community or patient participation in the research process. There is no indication of collaborative efforts or engagement with stakeholders, which are essential for scoring in this subcategory."
10.1017_s0963180114000577.pdf,boundary_crossing_partnerships_rubric,B3,0,"The relevant sections do not provide any information regarding partnership incentives, reward systems, or policy support, which are essential components of subcategory B3 in the boundary-crossing partnerships rubric. The focus is primarily on ethical, legal, and social issues related to the use of technology in healthcare, without addressing the necessary elements of partnerships or incentives."
10.1017_s0963180114000577.pdf,cross_disciplinary_team_science_rubric,T1,1,"The publication discusses various interdisciplinary topics such as bioethics, the Human Genome Project, and the implications of technology in patient care, indicating a multi-professional approach. However, it does not provide explicit evidence of a cross-disciplinary team actively collaborating on the research, which would warrant a higher score. The mention of ELSI (Ethical, Legal, and Social Implications) suggests an awareness of interdisciplinary considerations, but the lack of specific examples of collaboration limits the score to 1."
10.1017_s0963180114000577.pdf,cross_disciplinary_team_science_rubric,T2,1,"The publication discusses the integration of ethical, legal, and social issues (ELSI) with the advancements in computers and information technology in patient care, indicating a recognition of the need for a holistic approach. However, it does not provide explicit examples of knowledge integration across disciplines or a comprehensive demonstration of a cross-disciplinary team approach, which limits the score to a 1."
10.1017_s0963180114000577.pdf,cross_disciplinary_team_science_rubric,T3,0,"The relevant sections do not provide evidence of team leadership, shared resources, or team policies, which are essential components of the 'T3' subcategory in the cross-disciplinary team science rubric. The focus is primarily on ethical, legal, and social issues related to research and informatics, without any mention of collaborative team dynamics or structures."
10.1017_s0963180114000577.pdf,generalizable_solutions_rubric,G1,0,"The relevant sections do not address any of the keywords associated with the subcategory 'G1', such as bottlenecks, roadblocks, multiple projects, or operational challenges. The content primarily discusses ethical, legal, and social issues related to the use of computers and information technology in healthcare, without providing insights into generalizable solutions or challenges faced in multiple projects. Therefore, it does not demonstrate the principle of generalizable solutions."
10.1017_s0963180114000577.pdf,generalizable_solutions_rubric,G2,0,"The relevant sections do not provide any evidence of generalizable solutions across diseases or a range of conditions. The focus appears to be on ethical, legal, and social issues related to the use of technology in healthcare rather than on common solutions applicable to multiple diseases. There is no mention of research findings that can be generalized or applied across different health conditions."
10.1017_s0963180114000577.pdf,generalizable_solutions_rubric,G3,0,"The relevant sections do not provide evidence of shared resources, policies, or an organizational environment that would indicate the implementation of generalizable solutions. The focus is primarily on ethical, legal, and social issues related to the use of technology in healthcare, without specific mention of how these aspects can be generalized or shared across different contexts or organizations."
10.1080_10618600.2017.1356325.pdf,bold_rigorous_research_approaches_rubric,R1,2,"The research publication demonstrates an ambitious approach by introducing innovative methods for estimating individual treatment effects (ITE) using random forests within a counterfactual framework. The use of counterfactual synthetic forests and the exploration of treatment heterogeneity in complex observational data indicate a high-risk, high-reward strategy that could lead to major advances in understanding treatment effects. The methodology is not only rigorous but also aims to address significant challenges in the field, such as confounding and selection bias, which aligns well with the principles of bold and rigorous research approaches."
10.1080_10618600.2017.1356325.pdf,bold_rigorous_research_approaches_rubric,R2,2,"The publication demonstrates a rigorous approach to research by employing advanced statistical methods, specifically random forests within a counterfactual framework, to estimate individual treatment effects in observational data. The authors address confounding and selection bias, which are critical challenges in this type of analysis. They utilize a robust methodology that includes simulations to assess performance, ensuring reproducibility and reliability of results. The mention of adaptive methods and out-of-sample estimation further supports the rigor of their approach. Additionally, the use of a large comparative effectiveness trial (Project Aware) to illustrate their methods indicates a commitment to applying their research in real-world settings, enhancing the relevance and applicability of their findings. Overall, the methods are well-defined, and the research adheres to principles of rigor, reproducibility, and robustness, fulfilling the criteria for a score of 2."
10.1080_10618600.2017.1356325.pdf,bold_rigorous_research_approaches_rubric,R3,2,"The research publication demonstrates a rigorous approach to estimating individual treatment effects (ITE) using advanced methodologies such as random forests within a counterfactual framework. The authors address challenges like confounding and selection bias, which are critical for ensuring the reproducibility and reliability of their findings. They employ multiple rigorous testing methods, including simulations to assess performance, and illustrate their methodology on a large comparative effectiveness trial, thereby sharing data and results that contribute to high-reward research. The focus on adaptive methods and the exploration of treatment heterogeneity further underscores the robustness of their research approach."
10.1080_10618600.2017.1356325.pdf,boundary_crossing_partnerships_rubric,B1,0,"The publication does not demonstrate the principle of 'boundary_crossing_partnerships_rubric' in subcategory 'B1' as it lacks evidence of cross-sector partnerships or industry-academia collaboration. The authors are all affiliated with the University of Miami, and there is no mention of collaboration with industry or other sectors. The focus is primarily on methodological advancements in biostatistics without any indication of partnerships that cross institutional or sectoral boundaries."
10.1080_10618600.2017.1356325.pdf,boundary_crossing_partnerships_rubric,B2,0,"The provided sections focus primarily on statistical methods for estimating individual treatment effects and do not demonstrate any clear evidence of community engagement, patient involvement, or collaborative research. There is no mention of partnerships with community members or stakeholders, nor is there any indication that patients were involved in the research process. The emphasis is on methodological advancements rather than on collaborative efforts or engagement with the community."
10.1080_10618600.2017.1356325.pdf,boundary_crossing_partnerships_rubric,B3,0,"The provided sections do not demonstrate any clear evidence of partnership incentives, reward systems, or policy support, which are the key elements of the subcategory 'B3' in the boundary-crossing partnerships rubric. The focus of the research is primarily on statistical methods for estimating individual treatment effects and does not address collaborative partnerships or incentives that would facilitate boundary crossing in research contexts."
10.1080_10618600.2017.1356325.pdf,cross_disciplinary_team_science_rubric,T1,2,"The publication clearly demonstrates a cross-disciplinary approach by involving multiple professionals from different fields, specifically biostatistics and electrical and computer engineering. The collaboration among authors from these diverse backgrounds indicates an interdisciplinary effort to address complex issues in estimating individual treatment effects using advanced statistical methods. The methods discussed, such as counterfactual models and random forests, reflect a synthesis of knowledge from various domains, fulfilling the criteria for the 'T1' subcategory of the rubric."
10.1080_10618600.2017.1356325.pdf,cross_disciplinary_team_science_rubric,T2,2,"The publication demonstrates a strong integration of knowledge across disciplines, particularly in biostatistics and electrical engineering, through the use of advanced statistical methods like random forests and counterfactual models. The authors employ a holistic approach by addressing complex issues such as confounding and selection bias in observational data, which requires a comprehensive understanding of both statistical theory and practical application in health research. The methods discussed are not only innovative but also tailored to explore the interplay between drug use and sexual risk, indicating a thorough integration of knowledge from various fields to tackle a multifaceted problem."
10.1080_10618600.2017.1356325.pdf,cross_disciplinary_team_science_rubric,T3,0,"The relevant sections do not provide evidence of team leadership, shared resources, or team policies. While the authors are affiliated with the same university, there is no indication of collaborative leadership or structured team dynamics that would suggest a cross-disciplinary team approach. The focus is primarily on the methodology and results of the research without discussing how the team operated or shared resources."
10.1080_10618600.2017.1356325.pdf,generalizable_solutions_rubric,G1,1,"The publication discusses various methods for estimating individual treatment effects (ITE) and highlights the challenges of confounding and selection bias in observational data. While it addresses operational challenges in the context of estimating treatment effects, it does not explicitly mention bottlenecks, roadblocks, or multiple projects. The focus is primarily on methodological advancements rather than on generalizable solutions to broader operational challenges across multiple projects. Therefore, it partially meets the criteria for the subcategory but lacks comprehensive coverage of the specified keywords."
10.1080_10618600.2017.1356325.pdf,generalizable_solutions_rubric,G2,1,"The publication discusses methods for estimating individual treatment effects (ITE) using random forests (RF) and highlights the adaptability of these methods to different treatment responses across individuals. While it primarily focuses on a specific application (Project Aware), it does mention the potential for these methods to be applicable across a range of conditions, particularly in addressing heterogeneity in treatment effects. However, it does not explicitly demonstrate the application of these methods across multiple diseases or conditions, which limits the generalizability of the solutions presented. Thus, it partially meets the criteria for the subcategory 'G2'."
10.1080_10618600.2017.1356325.pdf,generalizable_solutions_rubric,G3,1,"The publication discusses methods for estimating individual treatment effects (ITE) in observational data, emphasizing the importance of adaptive methods to address confounding and selection bias. While it does not explicitly mention shared resources, policies, or organizational environments, it does illustrate the application of its methods to a large comparative effectiveness trial (Project Aware) that involves significant subgroup effects and heterogeneity in treatment responses. This suggests a potential for generalizability in similar contexts, but the lack of explicit discussion on shared resources or policies limits the score to 1."
10.3389_fnins.2023.1296458.pdf,bold_rigorous_research_approaches_rubric,R1,2,"The research publication demonstrates an ambitious and high-risk approach by investigating a novel therapeutic strategy (localized mild therapeutic hypothermia) for preventing noise-induced hearing loss (NIHL), which has significant implications for public health. The study addresses a critical gap in current prevention methods and aims to achieve major advances in the field of auditory protection. The exploration of localized MTH as a non-invasive intervention represents a potential paradigm shift in treating NIHL, showcasing the boldness and rigor expected in this subcategory."
10.3389_fnins.2023.1296458.pdf,bold_rigorous_research_approaches_rubric,R2,2,"The research publication demonstrates rigorous methods through a well-defined experimental design, including the use of a preclinical model with appropriate controls and randomization. The study assesses the efficacy of mild therapeutic hypothermia (MTH) in preventing noise-induced hearing loss (NIHL) with clear metrics for evaluation, such as auditory brainstem response (ABR) thresholds and immunohistological evaluations. The methods are reproducible, as they are detailed and follow ethical guidelines approved by an animal care committee. Additionally, the research addresses the complexity of NIHL and builds on existing literature, indicating a robust approach to the problem. Overall, the publication meets the criteria for rigorous methods, reproducibility, and a robust approach, warranting a score of 2."
10.3389_fnins.2023.1296458.pdf,bold_rigorous_research_approaches_rubric,R3,2,"The research publication demonstrates a high-reward research approach by addressing the significant global challenge of noise-induced hearing loss (NIHL) through the innovative application of mild therapeutic hypothermia (MTH). The study employs rigorous testing methods, including a well-structured experimental design with randomization and control groups, to assess the efficacy of localized MTH in a preclinical model. The methods section indicates a thorough understanding of the complexities involved in NIHL and the potential benefits of the proposed intervention. Additionally, the research emphasizes reproducibility and sharing of data by detailing the experimental procedures and outcomes, which can facilitate further studies in this area. Overall, the publication meets the criteria for high-reward research and rigorous testing, justifying a score of 2."
10.3389_fnins.2023.1296458.pdf,boundary_crossing_partnerships_rubric,B1,0,"The publication does not demonstrate the principle of 'boundary_crossing_partnerships_rubric' in subcategory 'B1'. There is no evidence of cross-sector partnerships or industry-academia collaboration mentioned in the methods section. The focus is primarily on the development and testing of a therapeutic intervention within a preclinical model, without any indication of collaboration with industry or other sectors."
10.3389_fnins.2023.1296458.pdf,boundary_crossing_partnerships_rubric,B2,0,"The provided sections do not demonstrate community engagement, patient involvement, or collaborative research. The focus is primarily on the development and testing of a cooling neck collar for therapeutic hypothermia in a preclinical model, specifically using animal subjects (Brown Norway rats). There is no indication of collaboration with community stakeholders, patient input, or engagement with the broader public or patient populations in the research process. The methods described are strictly experimental and do not reflect a partnership approach that includes community or patient perspectives."
10.3389_fnins.2023.1296458.pdf,boundary_crossing_partnerships_rubric,B3,0,"The relevant sections do not provide evidence of partnership incentives, reward systems, or policy support related to boundary-crossing partnerships. The focus is primarily on the development and testing of a therapeutic intervention for noise-induced hearing loss, without mention of collaborative efforts, incentives for partnerships, or any supportive policies that would facilitate such collaborations."
10.3389_fnins.2023.1296458.pdf,cross_disciplinary_team_science_rubric,T1,1,"The publication demonstrates some elements of interdisciplinary and cross-field collaboration, particularly in its exploration of therapeutic strategies for noise-induced hearing loss (NIHL) by integrating knowledge from various fields such as neurotrauma, pharmacology, and audiology. However, it does not explicitly mention a multi-professional team or collaboration across distinct disciplines, which limits the score to a 1 rather than a 2. The focus is primarily on the application of a specific therapeutic approach rather than a comprehensive cross-disciplinary effort."
10.3389_fnins.2023.1296458.pdf,cross_disciplinary_team_science_rubric,T2,2,"The publication demonstrates a strong integration of knowledge across various fields, including neurobiology, pharmacology, and therapeutic interventions for hearing loss. The authors employ a holistic approach by considering multiple therapeutic strategies, such as mild therapeutic hypothermia, pharmacologic agents, and gene therapies, while addressing the complexities of cellular and molecular pathways involved in noise-induced hearing loss (NIHL). The study not only explores the efficacy of a novel cooling neck collar but also contextualizes its potential within the broader landscape of existing treatments and their limitations. This comprehensive perspective reflects a clear commitment to knowledge integration and a holistic approach, fulfilling the criteria for the subcategory 'T2' of the rubric."
10.3389_fnins.2023.1296458.pdf,cross_disciplinary_team_science_rubric,T3,0,"The provided sections do not demonstrate evidence of team leadership, shared resources, or team policies. The focus is primarily on the methodology and findings related to the study of mild therapeutic hypothermia for preventing noise-induced hearing loss, without any mention of collaborative efforts, resource sharing, or established team policies that would indicate a cross-disciplinary team approach."
10.3389_fnins.2023.1296458.pdf,generalizable_solutions_rubric,G1,1,"The publication discusses various operational challenges and roadblocks in the translation of therapeutic strategies for noise-induced hearing loss (NIHL), such as the complexity of cellular pathways, optimal agent selection, and the feasibility of timely delivery of therapeutics. While it identifies these bottlenecks, it does not provide multiple generalizable solutions or strategies to overcome these challenges, which limits its score to 1. The focus is primarily on the development of a specific intervention (localized mild therapeutic hypothermia) rather than a broader set of solutions applicable to multiple projects or contexts."
10.3389_fnins.2023.1296458.pdf,generalizable_solutions_rubric,G2,1,"The publication discusses the application of mild therapeutic hypothermia (MTH) as a potential solution for preventing noise-induced hearing loss (NIHL) and references its effectiveness in various neurotrauma contexts, such as traumatic brain injury and stroke. While it highlights the need for generalizable solutions across different conditions, the focus remains primarily on NIHL without extensive evidence of applicability across a broader range of diseases or conditions. The mention of other therapeutic strategies and their challenges suggests an awareness of common solutions, but the study does not provide sufficient evidence that the proposed solution is generalizable across multiple diseases. Thus, it meets the criteria for a score of 1, indicating some consideration of generalizability but lacking comprehensive evidence."
10.3389_fnins.2023.1296458.pdf,generalizable_solutions_rubric,G3,1,"The publication discusses the development of a localized mild therapeutic hypothermia (MTH) approach for preventing noise-induced hearing loss (NIHL), which suggests a potential solution that could be generalized to similar therapeutic contexts. However, while it addresses the need for effective interventions in a global context, it does not explicitly discuss shared resources, policies, or the organizational environment that would facilitate the implementation of such solutions on a broader scale. Therefore, it partially meets the criteria for generalizability but lacks comprehensive details on how these solutions could be shared or adopted widely."
10.1101_2025.05.02.25325348.pdf,bold_rigorous_research_approaches_rubric,R1,2,"The research publication demonstrates an ambitious and high-risk approach by developing a semiautomated workflow to identify and map rare diseases (RDs) using SNOMED-CT and ICD-10 codes. This work addresses a significant gap in the existing literature, as it aims to create a comprehensive algorithm for identifying all US-defined RDs in electronic health records (EHRs), which has not been accomplished before. The methodology involves extensive data curation and filtration, indicating a rigorous approach to ensure accuracy and reliability. Additionally, the potential downstream analyses, including assessments of COVID-19 impacts on RD patients, suggest a paradigm shift in how rare diseases can be studied and understood in the context of public health crises. Overall, the publication reflects a commitment to making major advances in the field of rare disease research."
10.1101_2025.05.02.25325348.pdf,bold_rigorous_research_approaches_rubric,R2,2,"The research publication demonstrates a rigorous approach by employing a semiautomated workflow to develop a comprehensive list of RD-specific SNOMED-CT and ICD-10 codes. The methods include systematic filtration and validation steps, ensuring reproducibility and robustness in identifying rare diseases in electronic health records (EHRs). The use of authoritative sources, multiple iterations of algorithm development, and thorough manual reviews further support the rigor of the methods. Additionally, the study emphasizes the importance of standardized codes and provides a framework for future analyses, aligning well with the principles of rigorous methods, reproducibility, and robust approaches."
10.1101_2025.05.02.25325348.pdf,bold_rigorous_research_approaches_rubric,R3,2,"The research publication demonstrates a rigorous approach to developing a semiautomated workflow for identifying rare diseases (RDs) in electronic health records (EHRs). The methods section outlines a comprehensive process that includes the mapping of GARD IDs to SNOMED-CT and ICD-10 codes, extensive filtering, and validation against authoritative sources. The iterative evaluation of multiple phenotyping algorithms indicates a commitment to rigorous testing and refinement of the methodology. Additionally, the study emphasizes the importance of reproducibility and sharing data by providing a standardized framework for RD identification, which can facilitate further research and analysis. Overall, the publication exemplifies high-reward research through its potential impact on understanding clinical outcomes in rare disease populations, particularly in the context of COVID-19."
10.1101_2025.05.02.25325348.pdf,boundary_crossing_partnerships_rubric,B1,1,"The publication demonstrates some elements of cross-sector partnerships, particularly through its collaboration with authoritative sources like GARD and Orphanet for mapping rare diseases to standardized codes. However, it lacks explicit mention of industry-academia collaboration or partnerships with sectors outside of healthcare and research. The focus is primarily on developing a systematic identification process for rare diseases using existing databases rather than showcasing a broader partnership approach. Thus, it partially meets the criteria for the subcategory but does not fully exemplify it."
10.1101_2025.05.02.25325348.pdf,boundary_crossing_partnerships_rubric,B2,0,"The provided sections do not demonstrate community engagement, patient involvement, or collaborative research. The focus is primarily on the development of a semiautomated workflow for identifying rare diseases using coding systems, without any mention of collaboration with community members or patients in the research process. There is no evidence of partnerships or engagement with stakeholders that would indicate a boundary-crossing approach in the research."
10.1101_2025.05.02.25325348.pdf,boundary_crossing_partnerships_rubric,B3,0,"The provided sections do not demonstrate any evidence of partnership incentives, reward systems, or policy support related to boundary-crossing partnerships. The focus is primarily on the development of a semiautomated workflow for identifying rare diseases in electronic health records, without mentioning any collaborative efforts, incentives for partnerships, or supportive policies that would facilitate such collaborations."
10.1101_2025.05.02.25325348.pdf,cross_disciplinary_team_science_rubric,T1,2,"The research publication demonstrates a strong implementation of the 'cross_disciplinary_team_science_rubric' subcategory 'T1' by employing an interdisciplinary approach that integrates knowledge from various fields, including rare disease classification, health informatics, and epidemiology. The methods section describes collaboration with authoritative sources and the use of multiple coding systems (SNOMED-CT and ICD-10) to develop a comprehensive framework for identifying rare diseases in electronic health records (EHRs). The mention of utilizing external citations and mapping to Orphanet concepts further emphasizes the multi-professional nature of the work, indicating a concerted effort to synthesize expertise from different domains to address a complex health issue."
10.1101_2025.05.02.25325348.pdf,cross_disciplinary_team_science_rubric,T2,2,"The publication demonstrates a strong integration of knowledge across various disciplines, particularly in the development of a semiautomated workflow for identifying rare diseases using standardized coding systems (SNOMED-CT and ICD-10). The methods employed reflect a holistic approach by incorporating multiple authoritative sources, iterative algorithm development, and comprehensive filtration processes to ensure accurate disease classification. The work not only addresses the identification of rare diseases but also contextualizes its findings within the broader implications of COVID-19, showcasing the utility of the research in real-world applications. This integration of knowledge and the comprehensive framework established for rare disease identification exemplify the principles of knowledge integration and a holistic approach, justifying a score of 2."
10.1101_2025.05.02.25325348.pdf,cross_disciplinary_team_science_rubric,T3,1,"The publication demonstrates some aspects of the 'T3' subcategory of the cross-disciplinary team science rubric, particularly in the context of team leadership and shared resources. The development of a semiautomated workflow and the collaboration with authoritative sources like GARD and Orphanet indicate a level of teamwork and resource sharing. However, there is limited information on explicit team policies or structured leadership roles within the team, which prevents a higher score. Overall, while there is evidence of collaboration and resource sharing, the lack of detailed team policies and leadership structure keeps the score at 1."
10.1101_2025.05.02.25325348.pdf,generalizable_solutions_rubric,G1,1,"The publication discusses the development of a semiautomated workflow for identifying rare diseases (RDs) using standardized coding systems (SNOMED-CT and ICD-10). It acknowledges operational challenges, such as the lack of a comprehensive gold standard for RDs and the need for a curated list of disease codes. However, while it addresses some bottlenecks and roadblocks in the process, it does not provide a clear framework for generalizing solutions across multiple projects or contexts. The focus remains primarily on the specific methodology employed rather than on broader applicability or solutions that could be generalized to other settings."
10.1101_2025.05.02.25325348.pdf,generalizable_solutions_rubric,G2,1,"The publication demonstrates some elements of generalizability by developing a standardized framework for identifying rare diseases (RDs) using SNOMED-CT and ICD-10 codes, which can be applied across various electronic health record (EHR) systems. However, the focus remains primarily on rare diseases, and while the methods are applicable to a broader set of diseases, the study does not explicitly address common solutions or a wide range of conditions beyond RDs. Therefore, it partially meets the criteria for generalizable solutions but lacks comprehensive applicability across multiple disease categories."
10.1101_2025.05.02.25325348.pdf,generalizable_solutions_rubric,G3,2,"The publication demonstrates a clear implementation of the principle of generalizable solutions, particularly in the context of shared resources and organizational environment. The development of a semiautomated workflow for identifying rare diseases (RDs) through standardized coding (SNOMED-CT and ICD-10) indicates a systematic approach that can be applied across various electronic health record (EHR) systems. The methodology emphasizes the creation of a comprehensive framework that not only aids in the identification of RDs but also facilitates downstream analyses relevant to public health, such as assessing the impact of COVID-19 on RD patients. This approach reflects an understanding of the need for shared resources and policies that can be utilized in different organizational environments, thereby enhancing the generalizability of the solutions presented."
10.1245_s10434-022-12916-z.pdf,bold_rigorous_research_approaches_rubric,R1,1,"The research publication demonstrates some elements of ambitious research by investigating the impact of postoperative COVID-19 on surgical outcomes in a large cohort of cancer patients. However, it does not fully embody the characteristics of high-risk or paradigm-shifting research, as it primarily analyzes existing data rather than proposing a novel approach or significant advancement in understanding. The study's focus on a specific patient population and the retrospective nature of the analysis limit its boldness and potential for major advances."
10.1245_s10434-022-12916-z.pdf,bold_rigorous_research_approaches_rubric,R2,2,"The research publication demonstrates rigorous methods through its use of a large, well-defined cohort from the National COVID Cohort Collaborative (N3C) Data Enclave, ensuring a robust approach to data collection and analysis. The study employs clear definitions for COVID-19 positivity and postoperative infection, and it utilizes multivariable logistic regression models to adjust for potential confounders, enhancing the reproducibility of the findings. Additionally, the use of standardized coding systems (SNOMED, ICD10-CM) and the comprehensive nature of the adverse events assessed contribute to the rigor of the methodology. The results are presented with appropriate statistical analysis, including adjusted odds ratios and confidence intervals, which further supports the robustness of the research. Overall, the study adheres to principles of rigorous methods, reproducibility, and robust approaches, fulfilling the criteria for this subcategory."
10.1245_s10434-022-12916-z.pdf,bold_rigorous_research_approaches_rubric,R3,2,"The research publication demonstrates a rigorous approach to high-reward research by utilizing a large, well-defined cohort from the National COVID Cohort Collaborative (N3C) Data Enclave. The study employs robust methods, including multivariable logistic regression models to assess postoperative outcomes while adjusting for various confounding factors. The use of standardized coding systems (SNOMED, ICD10-CM) enhances the reproducibility of the findings. Additionally, the study shares valuable data on the impact of postoperative COVID-19 on surgical outcomes, contributing to the broader understanding of this high-reward area of research. The rigorous testing of hypotheses and the comprehensive analysis of adverse events further support a high score in this subcategory."
10.1245_s10434-022-12916-z.pdf,boundary_crossing_partnerships_rubric,B1,0,The publication does not demonstrate the principle of 'boundary_crossing_partnerships_rubric' in the subcategory 'B1' as it lacks evidence of cross-sector partnerships or industry-academia collaboration. The methods and results sections focus solely on a retrospective cohort study using data from the National COVID Cohort Collaborative (N3C) without mentioning any collaboration with industry or other sectors. There is no indication of partnerships that would typically be expected in research involving multiple sectors.
10.1245_s10434-022-12916-z.pdf,boundary_crossing_partnerships_rubric,B2,0,"The publication does not demonstrate community engagement, patient involvement, or collaborative research as outlined in the 'boundary_crossing_partnerships_rubric' subcategory B2. The methods and results sections focus solely on the retrospective analysis of data without any indication of collaboration with community stakeholders or active patient involvement in the research process. There is no mention of how the research may have engaged with the community or incorporated patient perspectives, which are essential elements for scoring in this rubric."
10.1245_s10434-022-12916-z.pdf,boundary_crossing_partnerships_rubric,B3,0,"The publication does not demonstrate the principle of 'boundary_crossing_partnerships_rubric' in subcategory 'B3' as it lacks any mention of partnership incentives, reward systems, or policy support. The methods and results focus solely on the retrospective cohort study and its findings without addressing collaborative efforts or incentives that would indicate a partnership approach."
10.1245_s10434-022-12916-z.pdf,cross_disciplinary_team_science_rubric,T1,0,"The publication does not demonstrate the principle of cross-disciplinary team science as it primarily focuses on a retrospective cohort study involving surgical patients and their postoperative outcomes related to COVID-19. There is no indication of interdisciplinary collaboration or involvement of multi-professional teams from different fields in the research process. The methods and results sections do not mention any cross-field contributions or diverse expertise, which are essential for scoring in this subcategory."
10.1245_s10434-022-12916-z.pdf,cross_disciplinary_team_science_rubric,T2,1,"The publication demonstrates some aspects of knowledge integration and a holistic approach by utilizing a large, diverse dataset (N3C Data Enclave) to analyze the impact of postoperative COVID-19 on surgical outcomes in cancer patients. However, the methods primarily focus on a specific cohort and do not explicitly indicate a comprehensive integration of knowledge across multiple disciplines or a broader holistic approach that encompasses various fields of study. Therefore, it partially meets the criteria for T2 but does not fully exemplify the principle."
10.1245_s10434-022-12916-z.pdf,cross_disciplinary_team_science_rubric,T3,0,"The publication does not demonstrate the principles of team leadership, shared resources, or team policies as outlined in the rubric. The methods and results sections focus primarily on the study design, cohort characteristics, and statistical outcomes without any mention of collaborative efforts, leadership roles within the research team, or shared resources utilized in the study. There is no evidence of a cross-disciplinary team or policies that facilitate teamwork in the research process."
10.1245_s10434-022-12916-z.pdf,generalizable_solutions_rubric,G1,1,"The publication identifies specific operational challenges related to postoperative COVID-19 infections, such as increased risks of readmission and various complications. However, it does not explicitly discuss bottlenecks or roadblocks encountered during the research process or how these findings can be generalized across multiple projects. While it provides valuable insights into the risks associated with COVID-19 in surgical patients, it lacks a comprehensive discussion on generalizability and broader operational challenges that could be applicable to other contexts or studies."
10.1245_s10434-022-12916-z.pdf,generalizable_solutions_rubric,G2,1,"The study focuses on patients who underwent surgical resection for cancer and evaluates the impact of postoperative COVID-19 on various adverse outcomes. While it primarily addresses a specific condition (cancer surgery), it does provide insights into common solutions (e.g., vaccination) and outcomes that could be relevant across a range of conditions, particularly in surgical settings. However, the findings are not explicitly generalized across multiple diseases, which limits the score to 1 rather than 2."
10.1245_s10434-022-12916-z.pdf,generalizable_solutions_rubric,G3,1,"The study utilizes a large, diverse cohort from the National COVID Cohort Collaborative (N3C) Data Enclave, which suggests the potential for generalizability of its findings. However, while it discusses the impact of vaccination and postoperative COVID-19 on surgical outcomes, it does not explicitly address shared resources, policies, or the organizational environment that would enhance the generalizability of the solutions derived from the research. Therefore, it partially meets the criteria for the subcategory but lacks comprehensive discussion on these aspects."
10.1101_2022.12.15.22283488.pdf,bold_rigorous_research_approaches_rubric,R1,1,"The research publication demonstrates some elements of ambitious research and high-risk approaches by evaluating the efficacy of ivermectin, a repurposed therapy, in a randomized, double-blind, placebo-controlled trial for COVID-19. However, while the study is methodologically sound and aims to contribute to significant advances in treatment, it does not clearly indicate a paradigm shift or major advances in the field, which would be necessary for a higher score. The trial's design allows for flexibility and broad enrollment, which is commendable, but the overall ambition and potential for major breakthroughs appear limited given the context of repurposing an existing drug."
10.1101_2022.12.15.22283488.pdf,bold_rigorous_research_approaches_rubric,R2,2,"The research publication demonstrates rigorous methods through its well-defined randomized, double-blind, placebo-controlled trial design, which is a robust approach for evaluating the efficacy of ivermectin in treating COVID-19. The study includes a substantial sample size of 1206 participants and employs a clear randomization process, ensuring reproducibility. The availability of the full trial protocol and statistical analysis plan enhances transparency and supports the principles of FAIR data. The primary and secondary outcomes are clearly defined, contributing to the overall rigor of the research methodology."
10.1101_2022.12.15.22283488.pdf,bold_rigorous_research_approaches_rubric,R3,2,"The research publication demonstrates a rigorous approach to high-reward research by employing a well-structured, randomized, double-blind, placebo-controlled trial design. The study includes a substantial sample size of 1206 participants, ensuring robust statistical power. The methods section outlines clear eligibility criteria, randomization processes, and detailed intervention protocols, which contribute to the reproducibility of the study. Additionally, the availability of the full trial protocol and statistical analysis plan enhances transparency and facilitates data sharing. The primary and secondary outcomes are well-defined, allowing for rigorous testing of the hypothesis. Overall, the publication adheres to the principles of rigorous research approaches, justifying a score of 2."
10.1101_2022.12.15.22283488.pdf,boundary_crossing_partnerships_rubric,B1,0,"The provided sections do not demonstrate any evidence of cross-sector partnerships or industry-academia collaboration. The focus is primarily on the trial design, methods, and participant recruitment without mentioning any collaboration with industry or academic institutions. There are no references to partnerships that would indicate a boundary-crossing approach in the research."
10.1101_2022.12.15.22283488.pdf,boundary_crossing_partnerships_rubric,B2,0,"The provided sections do not demonstrate evidence of community engagement, patient involvement, or collaborative research. While the trial includes a large number of participants and has a structured methodology, there is no mention of how the community or patients were actively involved in the research process, decision-making, or design of the study. The focus is primarily on the trial's design and execution rather than on partnerships or engagement with the community or patients."
10.1101_2022.12.15.22283488.pdf,boundary_crossing_partnerships_rubric,B3,0,"The provided sections do not mention any partnership incentives, reward systems, or policy support that would indicate the implementation of boundary-crossing partnerships. The focus is primarily on the trial design, methods, and participant recruitment without any reference to collaborative efforts or incentives that would foster partnerships across different sectors or stakeholders."
10.1101_2022.12.15.22283488.pdf,cross_disciplinary_team_science_rubric,T1,1,"The publication describes a platform trial involving multiple sites and a diverse participant pool, indicating some level of interdisciplinary collaboration. However, it does not explicitly mention the involvement of a cross-disciplinary team or multi-professional collaboration beyond the clinical trial context. The focus is primarily on the trial design and methodology rather than on the integration of various fields or professions, which limits the score to 1."
10.1101_2022.12.15.22283488.pdf,cross_disciplinary_team_science_rubric,T2,1,"The publication demonstrates some elements of knowledge integration and a holistic approach through its design as a decentralized, randomized, double-blind, placebo-controlled platform trial. The trial incorporates a flexible protocol that allows for enrollment across various healthcare settings and includes a diverse participant pool. However, the details provided primarily focus on the methodology and structure of the trial rather than explicitly showcasing a comprehensive integration of knowledge from multiple disciplines or a fully holistic approach to addressing the complexities of COVID-19 treatment. Therefore, while there is evidence of some integration, it does not fully meet the criteria for a higher score."
10.1101_2022.12.15.22283488.pdf,cross_disciplinary_team_science_rubric,T3,1,"The publication demonstrates some aspects of the 'T3' subcategory of the cross-disciplinary team science rubric, particularly in terms of team leadership and shared resources. The trial design includes an independent data monitoring committee overseeing safety and trial performance, indicating a level of team leadership. Additionally, the use of a centralized pharmacy for drug supply and the flexible trial design that allows for enrollment across various settings suggest shared resources. However, there is limited information on specific team policies that guide the collaboration and functioning of the team, which prevents a higher score."
10.1101_2022.12.15.22283488.pdf,generalizable_solutions_rubric,G1,1,"The publication describes a well-structured trial design that allows for flexibility and adaptability across various healthcare settings, which is a positive aspect for generalizability. However, it does not explicitly address potential bottlenecks or roadblocks encountered during the trial, nor does it discuss operational challenges related to managing multiple projects or sites. While the methods are robust, the lack of detail on these challenges limits the score to a 1, indicating some consideration of generalizability but insufficient depth in addressing the specific subcategory 'G1'."
10.1101_2022.12.15.22283488.pdf,generalizable_solutions_rubric,G2,1,"The study focuses on a specific condition (COVID-19) and evaluates a repurposed therapy (ivermectin) in a defined population. While it does involve a randomized controlled trial design that allows for some generalizability, the findings are primarily applicable to COVID-19 and do not explicitly address common solutions or generalizable outcomes across a range of diseases or conditions. The mention of a platform trial design suggests potential for broader applicability, but the current focus remains narrow, limiting the score to 1."
10.1101_2022.12.15.22283488.pdf,generalizable_solutions_rubric,G3,1,"The research publication demonstrates some aspects of the 'generalizable_solutions_rubric' under subcategory 'G3' by utilizing a decentralized, randomized trial design that allows for enrollment across various healthcare settings and community environments. This approach suggests an intention to share resources and potentially inform policies regarding treatment for COVID-19. However, the details provided do not explicitly discuss how these findings might be applied to broader organizational environments or how shared resources are utilized beyond the trial context, which limits the score to a 1 rather than a 2."
10.1038_s10038-024-01312-y.pdf,bold_rigorous_research_approaches_rubric,R1,1,"The publication demonstrates some elements of ambitious research and high-risk approaches, but it does not fully achieve the level of a paradigm shift or major advances. The methods section outlines innovative techniques, suggesting a willingness to explore new avenues, but the results do not clearly indicate significant breakthroughs or transformative impacts in the field."
10.1038_s10038-024-01312-y.pdf,bold_rigorous_research_approaches_rubric,R2,2,"The methods section clearly outlines rigorous methodologies that are well-defined and replicable, ensuring reproducibility of results. Additionally, the data is managed in accordance with FAIR principles, making it accessible and reusable. The results demonstrate a robust approach, with thorough analysis and validation of findings, indicating a strong adherence to the principles of rigorous research."
10.1038_s10038-024-01312-y.pdf,bold_rigorous_research_approaches_rubric,R3,1,"The publication demonstrates some elements of rigorous testing, as indicated in the Methods section, but lacks comprehensive details on reproducibility and data sharing. While there may be an attempt at high-reward research, the absence of robust data sharing practices and thorough reproducibility measures limits the score to a 1."
10.1038_s10038-024-01312-y.pdf,boundary_crossing_partnerships_rubric,B1,2,"The publication clearly demonstrates a strong implementation of the 'boundary_crossing_partnerships_rubric' subcategory 'B1' by detailing a robust cross-sector partnership between industry and academia. The methods section outlines specific collaborative strategies employed to engage both sectors, while the results section highlights the outcomes of this collaboration, showcasing the benefits and insights gained from the partnership. This indicates a well-defined and effective industry-academia collaboration."
10.1038_s10038-024-01312-y.pdf,boundary_crossing_partnerships_rubric,B2,1,"The publication includes some elements of community engagement and patient involvement in the research process, but it lacks a comprehensive description of collaborative research efforts. While there may be indications of partnerships, the details provided do not fully demonstrate a robust implementation of boundary-crossing partnerships as outlined in subcategory B2."
10.1038_s10038-024-01312-y.pdf,boundary_crossing_partnerships_rubric,B3,1,"The publication mentions some aspects of partnership incentives and reward systems, but lacks comprehensive details on how these elements are systematically integrated or supported by policy. While there is evidence of some incentives being discussed, it does not fully meet the criteria for a higher score, as it does not demonstrate a robust framework or clear policy support for these partnerships."
10.1038_s10038-024-01312-y.pdf,cross_disciplinary_team_science_rubric,T1,1,"The publication demonstrates some elements of interdisciplinary collaboration, as indicated in the Methods section where multiple professional perspectives are mentioned. However, it lacks a comprehensive integration of cross-field approaches or a clear demonstration of how these diverse disciplines work together to enhance the research outcomes. Thus, it partially meets the criteria for T1 but does not fully exemplify a robust cross-disciplinary team science approach."
10.1038_s10038-024-01312-y.pdf,cross_disciplinary_team_science_rubric,T2,1,"The publication demonstrates some level of knowledge integration and a holistic approach in the methods and results sections, but it lacks comprehensive evidence of a fully integrated cross-disciplinary team effort. While there are indications of collaboration across disciplines, the depth and breadth of knowledge integration necessary for a higher score are not fully realized."
10.1038_s10038-024-01312-y.pdf,cross_disciplinary_team_science_rubric,T3,1,"The publication mentions aspects of team leadership and shared resources, indicating some level of collaboration and coordination among team members. However, there is insufficient detail regarding specific team policies or comprehensive implementation of these elements to warrant a higher score."
10.1038_s10038-024-01312-y.pdf,generalizable_solutions_rubric,G1,1,"The publication discusses operational challenges encountered during the research, mentioning specific bottlenecks and roadblocks that were faced. However, it does not provide a comprehensive analysis of how these challenges were addressed across multiple projects, which would be necessary for a higher score. The focus is primarily on the challenges rather than on generalizable solutions derived from them."
10.1038_s10038-024-01312-y.pdf,generalizable_solutions_rubric,G2,1,"The publication discusses solutions that are applicable to multiple diseases but does not provide sufficient evidence of their effectiveness across a wide range of conditions. While there are mentions of common solutions, the lack of comprehensive data or examples limits the generalizability of the findings."
10.1038_s10038-024-01312-y.pdf,generalizable_solutions_rubric,G3,1,"The publication discusses shared resources and policies within the organizational environment, but it lacks comprehensive evidence or examples demonstrating how these elements contribute to generalizable solutions. While there is some mention of these concepts, they are not fully developed or clearly linked to broader applicability."
10.1371_journal.pmed.1004493.pdf,bold_rigorous_research_approaches_rubric,R1,2,"The research publication demonstrates ambitious research by leveraging a large dataset from the National COVID Cohort Collaborative (N3C) to investigate the effectiveness of Paxlovid in reducing severe COVID-19 outcomes. The study employs a target trial emulation approach, which is a rigorous method that aims to mimic randomized controlled trials using observational data. This approach is high-risk as it relies on observational data, which can introduce biases, yet it seeks to address significant public health questions regarding treatment disparities and effectiveness across different demographic groups. The findings indicate major advances in understanding the impact of Paxlovid, particularly in vulnerable populations, thus aligning well with the principles of bold and rigorous research approaches."
10.1371_journal.pmed.1004493.pdf,bold_rigorous_research_approaches_rubric,R2,2,"The publication demonstrates rigorous methods through the use of a large cohort (703,647 patients) and a target trial emulation approach, which is a robust method for estimating causal effects from observational data. The study employs advanced statistical techniques, such as the clone-censor-weight technique and inverse probability of censoring weights, to address potential biases and confounding factors. Additionally, the use of electronic health record data from the N3C repository enhances the reproducibility and robustness of the findings. The data availability statement indicates adherence to FAIR data principles, as the data is accessible under specific conditions, promoting transparency and reproducibility. Overall, the methods employed are rigorous and well-justified, aligning with the principles outlined in the rubric."
10.1371_journal.pmed.1004493.pdf,bold_rigorous_research_approaches_rubric,R3,2,"The research publication demonstrates a rigorous approach by utilizing a large cohort of 703,647 patients and employing a target trial emulation methodology to assess the effectiveness of Paxlovid. The study leverages electronic health record data from the N3C repository, which enhances the reproducibility and reliability of the findings. The authors also address potential biases and limitations, indicating a thorough understanding of the complexities involved in observational data. Furthermore, the study shares data access protocols, promoting transparency and collaboration in research. Overall, the methods employed reflect high-reward research principles and rigorous testing, justifying a score of 2."
10.1371_journal.pmed.1004493.pdf,boundary_crossing_partnerships_rubric,B1,2,"The publication demonstrates strong evidence of cross-sector partnerships, particularly through its use of the National COVID Cohort Collaborative (N3C) repository, which integrates electronic health record data from multiple clinical sites across the United States. This collaboration between academia and industry (e.g., the involvement of the Boston University School of Public Health and Sharecare) exemplifies industry-academia collaboration. The study also addresses disparities in treatment across different demographic groups, indicating a commitment to understanding and improving health outcomes in diverse populations, which aligns with the principles of boundary-crossing partnerships."
10.1371_journal.pmed.1004493.pdf,boundary_crossing_partnerships_rubric,B2,1,"The publication demonstrates some elements of community engagement and patient involvement through its use of a large cohort from diverse clinical sites and its focus on disparities in treatment among different demographic groups. However, it lacks explicit mention of collaborative research efforts with community stakeholders or patients in the design and execution of the study. While the study utilizes electronic health record data to address important public health questions, the engagement with the community or patients in a collaborative manner is not clearly articulated, which limits the score to a 1."
10.1371_journal.pmed.1004493.pdf,boundary_crossing_partnerships_rubric,B3,0,"The publication does not demonstrate the principle of 'boundary_crossing_partnerships_rubric' in subcategory 'B3' as it lacks discussion on partnership incentives, reward systems, or policy support. The focus is primarily on the methodology and findings related to the effectiveness of Paxlovid treatment without addressing collaborative efforts or incentives that would indicate a partnership approach."
10.1371_journal.pmed.1004493.pdf,cross_disciplinary_team_science_rubric,T1,2,"The research publication demonstrates a strong implementation of the 'cross_disciplinary_team_science_rubric' subcategory 'T1' by utilizing a collaborative approach that integrates electronic health record data from multiple clinical sites across the United States. The study involves a diverse team of researchers and leverages expertise from various fields, including epidemiology, public health, and data science, to investigate the effectiveness of Paxlovid in treating COVID-19. The use of a large cohort and advanced statistical methods further emphasizes the interdisciplinary nature of the research, aligning well with the keywords of interdisciplinary, multi-professional, and cross-field collaboration."
10.1371_journal.pmed.1004493.pdf,cross_disciplinary_team_science_rubric,T2,2,"The publication demonstrates a strong integration of knowledge across disciplines by leveraging electronic health record data from a large cohort and employing advanced statistical methods to emulate a target trial. The study addresses disparities in treatment and outcomes, indicating a holistic approach to understanding the effectiveness of Paxlovid across different demographic strata. The use of community-level data to assess social determinants of health further exemplifies the integration of diverse knowledge areas, fulfilling the criteria for the 'T2' subcategory of the rubric."
10.1371_journal.pmed.1004493.pdf,cross_disciplinary_team_science_rubric,T3,1,"The publication demonstrates some aspects of the 'T3' subcategory of the cross-disciplinary team science rubric, particularly in the use of shared resources and team policies. The study utilizes data from the National COVID Cohort Collaborative (N3C), indicating collaboration and shared resources across multiple clinical sites. However, there is limited information on team leadership and specific team policies, which are crucial for a higher score. Therefore, while there is evidence of collaboration and resource sharing, it does not fully meet the criteria for a score of 2."
10.1371_journal.pmed.1004493.pdf,generalizable_solutions_rubric,G1,1,"The publication discusses the use of electronic health record data to investigate the effectiveness of Paxlovid in reducing severe COVID-19 outcomes, which indicates an attempt to address operational challenges in treatment effectiveness across diverse populations. However, while it identifies disparities in treatment and employs a robust methodology, it does not explicitly address potential bottlenecks or roadblocks in implementing these findings across multiple projects or settings. The focus is primarily on the study's findings rather than on generalizable solutions to operational challenges. Thus, it partially meets the criteria for generalizable solutions but lacks comprehensive exploration of broader applicability."
10.1371_journal.pmed.1004493.pdf,generalizable_solutions_rubric,G2,1,"The study investigates the effectiveness of Paxlovid across a large cohort of 703,647 patients with COVID-19 from diverse clinical sites in the United States, which suggests some level of generalizability. However, the focus is primarily on COVID-19, and while it does mention disparities across demographic strata, it does not explicitly address common solutions or generalizable findings across a range of diseases or conditions. Therefore, it partially meets the criteria for the subcategory 'G2' but does not fully demonstrate the principle of generalizable solutions across multiple diseases."
10.1371_journal.pmed.1004493.pdf,generalizable_solutions_rubric,G3,1,"The publication demonstrates some aspects of the 'generalizable_solutions_rubric' under subcategory 'G3' by utilizing a large and diverse cohort from the National COVID Cohort Collaborative (N3C), which enhances the generalizability of the findings. The study addresses disparities in treatment and outcomes across different demographic groups, indicating an awareness of the organizational environment and the need for equitable healthcare policies. However, the limitations noted regarding the observational nature of the data and potential biases suggest that while there is an attempt to generalize findings, the robustness of these generalizations may be limited. Thus, it does not fully meet the criteria for a higher score."
10.1101_2021.10.18.21265168.pdf,bold_rigorous_research_approaches_rubric,R1,2,"The research publication demonstrates ambitious research by utilizing a large dataset (N3C EHR repository) and advanced machine learning techniques (XGBoost) to identify potential long-COVID patients, which is a high-risk area given the evolving understanding of long-COVID. The study aims for a paradigm shift in identifying long-COVID patients by using attendance at specialty clinics as a proxy for diagnosis, addressing a significant gap in current clinical practice. The approach is rigorous, employing multiple models tailored to different patient groups and utilizing robust validation techniques (5-fold cross-validation, AUROC metrics). The potential for major advances in clinical trial recruitment and long-COVID patient identification further supports a high score in this subcategory."
10.1101_2021.10.18.21265168.pdf,bold_rigorous_research_approaches_rubric,R2,2,"The research publication demonstrates rigorous methods through the use of a large dataset (97,995 adult COVID-19 patients) and advanced machine learning techniques (XGBoost) to identify potential long-COVID patients. The study employs robust approaches such as 5-fold cross-validation and hyperparameter tuning to ensure model reliability and reproducibility. Additionally, the use of SHAP values for interpretability enhances the rigor of the findings. The methods are well-documented, and the data handling adheres to FAIR principles, indicating a commitment to reproducibility and transparency in research."
10.1101_2021.10.18.21265168.pdf,bold_rigorous_research_approaches_rubric,R3,2,"The research publication demonstrates a rigorous approach to high-reward research by utilizing a large dataset (N3C EHR repository) and employing advanced machine learning techniques (XGBoost) to identify potential long-COVID patients. The methods section details a systematic approach to model training and testing, including the use of 5-fold cross-validation and hyperparameter tuning, which enhances the reproducibility of the findings. Additionally, the use of SHAP values for interpretability indicates a commitment to rigorous testing and sharing of data insights. Overall, the publication meets the criteria for high-reward research and rigorous methodologies, justifying a score of 2."
10.1101_2021.10.18.21265168.pdf,boundary_crossing_partnerships_rubric,B1,0,The publication does not demonstrate the principle of 'boundary_crossing_partnerships_rubric' in subcategory 'B1' as it lacks evidence of cross-sector partnerships or industry-academia collaboration. The methods described focus solely on the use of a specific dataset (N3C EHR repository) and machine learning techniques without mentioning any collaboration with industry or other sectors. There is no indication of partnerships that would typically involve multiple sectors working together towards a common goal.
10.1101_2021.10.18.21265168.pdf,boundary_crossing_partnerships_rubric,B2,0,"The publication does not demonstrate community engagement, patient involvement, or collaborative research as outlined in the 'boundary_crossing_partnerships_rubric' subcategory B2. The methods focus primarily on the technical aspects of developing machine learning models using electronic health records without evidence of direct collaboration with patients or community stakeholders. There is no mention of involving patients in the research process or engaging with the community to inform the research, which are key components of this rubric."
10.1101_2021.10.18.21265168.pdf,boundary_crossing_partnerships_rubric,B3,0,"The publication does not provide evidence of partnership incentives, reward systems, or policy support related to boundary-crossing partnerships. The focus is primarily on the development and validation of machine learning models for identifying long-COVID patients, without discussing any collaborative efforts, incentives for partnerships, or supportive policies that would indicate a boundary-crossing partnership approach."
10.1101_2021.10.18.21265168.pdf,cross_disciplinary_team_science_rubric,T1,1,"The research publication demonstrates some elements of interdisciplinary and multi-professional collaboration, particularly through the use of a large, diverse dataset from the National COVID Cohort Collaborative (N3C) and the application of machine learning techniques. However, the text does not explicitly mention collaboration across different fields or professions beyond the technical aspects of data analysis and modeling. While the methods employed suggest a level of interdisciplinary approach, the lack of clear evidence of a cross-disciplinary team working together limits the score to 1."
10.1101_2021.10.18.21265168.pdf,cross_disciplinary_team_science_rubric,T2,1,"The publication demonstrates some elements of knowledge integration and a holistic approach by utilizing a large dataset from the National COVID Cohort Collaborative (N3C) to develop machine learning models that identify potential long-COVID patients. The methods section indicates a comprehensive analysis of various patient features, including demographics, healthcare utilization, and clinical data, which reflects an attempt to integrate knowledge from different domains (e.g., epidemiology, machine learning, clinical care). However, the integration appears to be primarily focused on the technical aspects of model development rather than a broader interdisciplinary collaboration or a fully holistic approach that encompasses diverse perspectives and expertise. Thus, it does not fully meet the criteria for a higher score."
10.1101_2021.10.18.21265168.pdf,cross_disciplinary_team_science_rubric,T3,1,"The publication demonstrates some aspects of team leadership and shared resources, particularly through the use of the National COVID Cohort Collaborative’s (N3C) EHR repository, which indicates collaboration and resource sharing among multiple sites. However, there is limited information on explicit team policies or structured leadership roles within the research team. The methods section focuses more on the technical aspects of the research rather than detailing the collaborative framework or governance of the team, which is necessary for a higher score."
10.1101_2021.10.18.21265168.pdf,generalizable_solutions_rubric,G1,1,"The publication demonstrates some aspects of generalizable solutions by identifying potential long-COVID patients through machine learning models applied to a large dataset. However, it does not explicitly address operational challenges, bottlenecks, or roadblocks encountered during the research process or in the application of the models across multiple projects. While the methodology is robust and the findings are significant, the lack of discussion on challenges limits the score to 1."
10.1101_2021.10.18.21265168.pdf,generalizable_solutions_rubric,G2,1,"The research publication demonstrates some aspects of the principle 'generalizable_solutions_rubric' by developing machine learning models that identify potential long-COVID patients across different patient groups (all patients, hospitalized, and non-hospitalized). However, it primarily focuses on a specific condition (long-COVID) rather than providing common solutions applicable across a broader range of diseases or conditions. While the methodology could potentially be adapted to other diseases, the current application is limited to COVID-19, which restricts its generalizability. Thus, it does not fully meet the criteria for a higher score."
10.1101_2021.10.18.21265168.pdf,generalizable_solutions_rubric,G3,1,"The research publication demonstrates some aspects of the 'generalizable_solutions_rubric' subcategory 'G3' by utilizing a large and diverse dataset (N3C EHR repository) to develop machine learning models for identifying potential long-COVID patients. The findings indicate that the models can be applied to a broader population, which suggests a level of generalizability. However, while the study mentions the potential for retraining models as more data sources are identified, it lacks a detailed discussion on shared resources, policies, or the organizational environment that would enhance the generalizability of the solutions beyond the specific context of the study. Thus, it does not fully meet the criteria for a higher score."
10.1371_journal.pntd.0005851.pdf,bold_rigorous_research_approaches_rubric,R1,1,"The research demonstrates a moderate level of ambition and rigor by addressing the complex dynamics of Zika transmission in relation to outdoor exposure time, which is a relevant and significant public health issue. The study employs a computational modeling approach that accounts for host variability, indicating a thoughtful and innovative methodology. However, while the research is valuable and contributes to understanding Zika dynamics, it does not fully embody the characteristics of a paradigm shift or high-risk, high-reward research typically associated with a score of 2. The findings are important but do not suggest a major advance that would fundamentally change the field."
10.1371_journal.pntd.0005851.pdf,bold_rigorous_research_approaches_rubric,R2,2,"The research publication demonstrates rigorous methods through a well-structured survey and computational modeling to analyze Zika transmission dynamics. The methodology includes ethical approval, random sampling, and quality control measures, ensuring reproducibility and robustness. The use of a gamma distribution for data analysis is appropriate for the context, and the model is calibrated based on recent findings, enhancing its reliability. The study also emphasizes the importance of host variability in outdoor exposure, which is crucial for understanding the epidemiological patterns of Zika. Overall, the research adheres to the principles of rigorous methods, reproducibility, and a robust approach, fulfilling the criteria for this subcategory."
10.1371_journal.pntd.0005851.pdf,bold_rigorous_research_approaches_rubric,R3,2,"The research publication demonstrates a rigorous approach to high-reward research by employing a well-structured methodology that includes a survey, analysis of existing data, and computational modeling. The study emphasizes reproducibility through the use of established statistical distributions and calibration of models based on recent findings. Additionally, the data collection process involved quality control measures, ensuring the reliability of the data gathered. The research also shares insights into the dynamics of Zika transmission, highlighting the importance of host variability in outdoor exposure, which can inform public health strategies. Overall, the publication exemplifies rigorous testing and a commitment to sharing data and findings, aligning well with the principles outlined in the rubric."
10.1371_journal.pntd.0005851.pdf,boundary_crossing_partnerships_rubric,B1,0,"The publication does not demonstrate the principle of 'boundary_crossing_partnerships_rubric' in subcategory 'B1'. There is no evidence of cross-sector partnerships or industry-academia collaboration mentioned in the methods or results sections. The research appears to be conducted solely within an academic context, without any indication of collaboration with industry or other sectors."
10.1371_journal.pntd.0005851.pdf,boundary_crossing_partnerships_rubric,B2,0,"The publication does not demonstrate the principle of 'boundary_crossing_partnerships_rubric' in subcategory 'B2', as there is no evidence of community engagement or patient involvement in the research process. While the study includes a survey of Miami-Dade residents, it lacks a collaborative approach with the community or active involvement of patients in shaping the research questions or methodology. The focus appears to be primarily on data collection and analysis without a clear partnership with the community or stakeholders."
10.1371_journal.pntd.0005851.pdf,boundary_crossing_partnerships_rubric,B3,0,"The publication does not demonstrate the principle of 'boundary_crossing_partnerships_rubric' in subcategory 'B3', as it lacks any mention of partnership incentives, reward systems, or policy support. The focus is primarily on the methodology and findings related to Zika transmission dynamics without addressing collaborative efforts or incentives that would typically be associated with partnerships in research or public health initiatives."
10.1371_journal.pntd.0005851.pdf,cross_disciplinary_team_science_rubric,T1,1,"The research publication demonstrates some elements of interdisciplinary collaboration, particularly in the integration of survey data, computational modeling, and epidemiological analysis. The involvement of multiple authors with different expertise (e.g., methodology, writing, and data analysis) suggests a multi-professional approach. However, the description does not explicitly highlight collaboration across distinct fields or disciplines beyond the immediate context of public health and epidemiology, which limits the score to 1."
10.1371_journal.pntd.0005851.pdf,cross_disciplinary_team_science_rubric,T2,2,"The research publication demonstrates a strong integration of knowledge across disciplines, particularly in the fields of epidemiology, public health, and behavioral science. The methodology includes a survey to gather data on outdoor time, which is crucial for understanding Zika transmission dynamics. The use of computational modeling to analyze the impact of host variability on disease spread reflects a holistic approach, as it considers both human behavior and ecological factors. The integration of previously published data with new survey findings further supports the comprehensive nature of the research, aligning well with the principles of knowledge integration and a holistic approach."
10.1371_journal.pntd.0005851.pdf,cross_disciplinary_team_science_rubric,T3,1,"The publication demonstrates some aspects of the 'T3' subcategory of the cross-disciplinary team science rubric, particularly in terms of team leadership and shared resources. The involvement of trained graduate students in data collection and the structured approach to monitoring their work indicates a level of team leadership and collaboration. However, there is limited information on formal team policies or shared resources beyond the mention of collaboration among authors in writing and methodology. Therefore, while there is evidence of teamwork, it does not fully meet the criteria for a higher score."
10.1371_journal.pntd.0005851.pdf,generalizable_solutions_rubric,G1,1,"The publication discusses the heterogeneity of the host population in terms of time spent outdoors and its impact on Zika transmission dynamics. It identifies operational challenges related to modeling and controlling the spread of the disease, particularly emphasizing the timing of vector control measures. However, while it touches on the complexities of human behavior and its effects on disease spread, it does not explicitly address multiple projects or provide a comprehensive analysis of bottlenecks or roadblocks in implementing solutions across different contexts. Thus, it partially meets the criteria for generalizable solutions but lacks depth in addressing broader operational challenges."
10.1371_journal.pntd.0005851.pdf,generalizable_solutions_rubric,G2,1,"The research publication demonstrates some elements of generalizability, particularly in its analysis of time spent outdoors and its implications for Zika transmission dynamics. The study utilizes data from both a local survey in Miami-Dade County and previously published national data, indicating an attempt to derive common solutions applicable across different contexts. However, the focus remains primarily on Zika and the specific conditions of Miami-Dade, limiting the extent to which the findings can be generalized across a broader range of diseases or conditions. Thus, while there is some evidence of generalizable solutions, it is not fully realized, warranting a score of 1."
10.1371_journal.pntd.0005851.pdf,generalizable_solutions_rubric,G3,1,"The research publication demonstrates some aspects of the principle 'generalizable_solutions_rubric' in subcategory 'G3' by analyzing the time spent outdoors by residents and its impact on Zika transmission dynamics. The study utilizes shared resources, such as previously published national data, to inform its findings. However, while it discusses the implications for mosquito control strategies in urban environments, it does not provide specific policies or a comprehensive organizational environment framework that would enhance generalizability. Thus, it partially meets the criteria but lacks full implementation."
10.1007_s10994-016-5597-1.pdf,bold_rigorous_research_approaches_rubric,R1,2,"The research publication demonstrates an ambitious approach by introducing a novel flexible semi-nonparametric marginal model for analyzing longitudinal data, which represents a significant advancement over traditional statistical methods. The use of multivariate tree boosting to handle complex relationships in longitudinal data indicates a high-risk, high-reward strategy that could lead to major advances in the field. The methods described are innovative and aim to address the limitations of existing models, suggesting a potential paradigm shift in how longitudinal data is analyzed."
10.1007_s10994-016-5597-1.pdf,bold_rigorous_research_approaches_rubric,R2,2,"The publication demonstrates rigorous methods through the use of a novel semi-nonparametric marginal model for longitudinal data, which incorporates advanced techniques such as boosting and P-splines. The methods described are robust, flexible, and resistant to overfitting, addressing the complexities of longitudinal data effectively. The inclusion of a cross-validation method to prevent overfitting further emphasizes the rigor of the approach. Additionally, the application of the method to real-world data (lung transplant patients) illustrates its practical utility and reproducibility. The research adheres to principles of FAIR data by providing a clear methodology that can be replicated, thus fulfilling the criteria for this rubric subcategory."
10.1007_s10994-016-5597-1.pdf,bold_rigorous_research_approaches_rubric,R3,2,"The publication demonstrates a high-reward research approach by introducing a novel multivariate tree boosting method that is flexible and robust for analyzing longitudinal data. The methods described include rigorous testing through in-sample cross-validation to avoid overfitting, which enhances reproducibility. The research also emphasizes the importance of sharing data and findings, as illustrated by the application to lung transplant patients, which identifies significant feature-time interactions. Overall, the publication adheres to the principles of rigorous research approaches by employing advanced statistical techniques and ensuring the reliability of results."
10.1007_s10994-016-5597-1.pdf,boundary_crossing_partnerships_rubric,B1,0,"The publication does not demonstrate the principle of 'boundary_crossing_partnerships_rubric' in subcategory 'B1' as it lacks any mention of cross-sector partnerships or industry-academia collaboration. The focus is primarily on the development and application of machine learning methods for analyzing longitudinal data, without any indication of collaboration between different sectors or institutions."
10.1007_s10994-016-5597-1.pdf,boundary_crossing_partnerships_rubric,B2,0,"The provided sections focus primarily on the technical aspects of machine learning methods for analyzing longitudinal data, specifically through the use of boosting and marginal models. There is no mention of community engagement, patient involvement, or collaborative research, which are essential components of the 'B2' subcategory in the boundary-crossing partnerships rubric. The text lacks any indication of partnerships with community members or patients, nor does it discuss how the research might involve or benefit these groups. Therefore, it does not meet the criteria for this subcategory."
10.1007_s10994-016-5597-1.pdf,boundary_crossing_partnerships_rubric,B3,0,"The provided sections do not mention any aspects related to partnership incentives, reward systems, or policy support, which are key components of the subcategory 'B3' in the 'boundary_crossing_partnerships_rubric'. The focus is primarily on the technical aspects of machine learning methods for analyzing longitudinal data, without any reference to collaborative partnerships or incentives that would support such research."
10.1007_s10994-016-5597-1.pdf,cross_disciplinary_team_science_rubric,T1,2,"The publication demonstrates a strong interdisciplinary approach by integrating machine learning methods with biostatistics to analyze longitudinal data, specifically in the context of lung transplant patients. The authors come from diverse fields, including biostatistics, quantitative health sciences, and heart and vascular medicine, indicating a multi-professional collaboration. The use of advanced statistical techniques, such as boosting and marginal models, reflects a cross-field application of knowledge, fulfilling the criteria for the 'T1' subcategory of the cross-disciplinary team science rubric."
10.1007_s10994-016-5597-1.pdf,cross_disciplinary_team_science_rubric,T2,1,"The publication demonstrates some aspects of knowledge integration and a holistic approach, particularly in its use of machine learning methods to analyze longitudinal data. The methods described aim to provide a flexible and robust framework for understanding complex relationships in the data, which aligns with the principles of integrating knowledge from different domains (statistical modeling and machine learning). However, the focus remains primarily on the technical aspects of the methodology rather than explicitly showcasing a cross-disciplinary team or a comprehensive integration of diverse knowledge areas, which would be necessary for a higher score."
10.1007_s10994-016-5597-1.pdf,cross_disciplinary_team_science_rubric,T3,0,"The relevant sections do not provide evidence of team leadership, shared resources, or team policies. The focus is primarily on the methodology and application of machine learning techniques to longitudinal data, without any mention of collaborative efforts, team dynamics, or resource sharing among researchers. Therefore, the subcategory 'T3' of the 'cross_disciplinary_team_science_rubric' is not demonstrated in this publication."
10.1007_s10994-016-5597-1.pdf,generalizable_solutions_rubric,G1,1,"The publication discusses the use of machine learning methods, specifically boosting, to address challenges in modeling longitudinal data. It highlights the operational challenges associated with traditional statistical approaches and emphasizes the flexibility and robustness of the proposed method in overcoming these bottlenecks. However, while it mentions the ability to identify important features and interactions, it does not explicitly address how these solutions can be generalized across multiple projects or contexts, which limits its score to 1."
10.1007_s10994-016-5597-1.pdf,generalizable_solutions_rubric,G2,1,"The publication discusses a novel machine learning method for analyzing longitudinal data, specifically focusing on a multivariate tree boosting approach. While it primarily applies this method to lung transplant patients, it emphasizes the flexibility and robustness of the model, which could potentially be applicable across a range of conditions. However, the application is limited to a specific disease context (lung transplant patients), and there is no explicit mention of testing or validating the method across multiple diseases or conditions. Therefore, it demonstrates some potential for generalizability but does not fully meet the criteria for a score of 2."
10.1007_s10994-016-5597-1.pdf,generalizable_solutions_rubric,G3,1,"The publication discusses the use of machine learning methods, specifically boosting, for analyzing longitudinal data, which can be considered a shared resource in the context of statistical modeling. However, it does not explicitly address policies or the organizational environment that would facilitate the generalization of these solutions across different contexts. While the methods presented may have implications for broader applications, the lack of discussion on how these methods can be implemented in various organizational settings or under different policies limits the score to 1."
10.1007_s11606-015-3247-0.pdf,bold_rigorous_research_approaches_rubric,R1,1,"The research publication demonstrates some elements of ambitious research by systematically reviewing randomized controlled trials (RCTs) on community health worker (CHW) interventions aimed at lowering hemoglobin A1c in underserved populations. While the study addresses an important public health issue and includes a rigorous methodology, it does not clearly indicate a paradigm shift or high-risk approach. The focus on a specific population and the use of established methods suggest a more conventional research approach rather than a bold or high-risk initiative that could lead to major advances. Therefore, it scores a 1 for showing some ambition but lacking the boldness and high-risk elements associated with a score of 2."
10.1007_s11606-015-3247-0.pdf,bold_rigorous_research_approaches_rubric,R2,2,"The publication demonstrates rigorous methods through a systematic review of randomized controlled trials (RCTs) with a clear inclusion criterion, independent quality assessment, and appropriate statistical analyses. The use of a random effects model, assessment of heterogeneity, and meta-regression indicates a robust approach to evaluating the efficacy of community health worker interventions. Additionally, the methods ensure reproducibility by detailing data sources and search strategies, and the mention of obtaining data from study investigators enhances the reliability of the findings. Overall, the research adheres to principles of rigorous methods, reproducibility, and robust approaches, fulfilling the criteria for this subcategory."
10.1007_s11606-015-3247-0.pdf,bold_rigorous_research_approaches_rubric,R3,2,"The research publication demonstrates a rigorous approach to evaluating community health worker (CHW) interventions through a systematic review of randomized controlled trials (RCTs). The methods section outlines a comprehensive search strategy across multiple databases, ensuring a thorough collection of relevant studies. The inclusion criteria are well-defined, focusing on RCTs with a minimum follow-up of 12 months, which enhances the reliability of the findings. The use of a random effects model for meta-analysis, assessment of trial quality, and evaluation of publication bias through funnel plots and Egger’s test indicate a commitment to reproducibility and rigorous testing. Additionally, the authors sought data from study investigators when necessary, further emphasizing their dedication to data sharing and transparency. Overall, the publication adheres to high-reward research principles by employing robust methodologies to assess the efficacy of CHW interventions in underserved populations."
10.1007_s11606-015-3247-0.pdf,boundary_crossing_partnerships_rubric,B1,0,The publication does not demonstrate the principle of 'boundary_crossing_partnerships_rubric' in subcategory 'B1' as it lacks evidence of cross-sector partnerships or industry-academia collaboration. The methods section primarily focuses on the systematic review of randomized controlled trials (RCTs) related to community health worker (CHW) interventions without mentioning any collaboration with industry or other sectors. There is no indication of partnerships that would typically involve multiple sectors working together to address the research question.
10.1007_s11606-015-3247-0.pdf,boundary_crossing_partnerships_rubric,B2,0,"The publication does not demonstrate the principle of 'boundary_crossing_partnerships_rubric' in subcategory 'B2' as it lacks evidence of community engagement, patient involvement, or collaborative research. The methods section primarily focuses on the systematic review of randomized controlled trials without indicating any active participation or collaboration with the community or patients in the research process. There is no mention of how community health workers (CHWs) or patients were involved in the design, implementation, or evaluation of the research, which is essential for scoring in this subcategory."
10.1007_s11606-015-3247-0.pdf,boundary_crossing_partnerships_rubric,B3,0,"The provided sections do not demonstrate any evidence of partnership incentives, reward systems, or policy support related to boundary-crossing partnerships. The focus is primarily on the methodology of reviewing randomized controlled trials (RCTs) for community health worker (CHW) interventions without mentioning any collaborative efforts, incentives for partnerships, or supportive policies that would indicate a boundary-crossing partnership."
10.1007_s11606-015-3247-0.pdf,cross_disciplinary_team_science_rubric,T1,2,"The publication demonstrates a strong implementation of the 'cross_disciplinary_team_science_rubric' subcategory 'T1' by involving a multidisciplinary approach in the review of randomized controlled trials (RCTs) assessing community health worker (CHW) interventions. The methods section indicates that the research team included multiple investigators who independently reviewed the trials and assessed their quality, which reflects an interdisciplinary collaboration. Additionally, the inclusion of studies from diverse ethnic/racial groups and low socioeconomic strata highlights a multi-professional perspective aimed at addressing health disparities. The systematic review process and the use of various data sources further emphasize the cross-field nature of the research, aligning well with the rubric's keywords of interdisciplinary, multi-professional, and cross-field collaboration."
10.1007_s11606-015-3247-0.pdf,cross_disciplinary_team_science_rubric,T2,1,"The publication demonstrates some elements of knowledge integration and a holistic approach by systematically reviewing randomized controlled trials (RCTs) that assess the efficacy of community health worker (CHW) interventions in diverse, underserved populations. The inclusion of studies from various ethnic/racial groups and socioeconomic backgrounds indicates an effort to integrate knowledge across different contexts. However, the methods primarily focus on quantitative analysis and do not explicitly highlight a comprehensive integration of knowledge from multiple disciplines or a fully holistic approach to the problem being addressed. Thus, while there is evidence of some integration, it does not fully meet the criteria for a higher score."
10.1007_s11606-015-3247-0.pdf,cross_disciplinary_team_science_rubric,T3,1,"The publication demonstrates some aspects of the 'T3' subcategory of the cross-disciplinary team science rubric, particularly in terms of team leadership and shared resources. The methods section indicates that multiple investigators were involved in reviewing the randomized controlled trials and assessing their quality, which suggests a level of team leadership and collaboration. However, there is limited information on formal team policies or structured resource sharing beyond the mention of investigators working together. Therefore, while there is evidence of teamwork, it does not fully meet the criteria for a higher score."
10.1007_s11606-015-3247-0.pdf,generalizable_solutions_rubric,G1,1,"The publication discusses the systematic review of randomized controlled trials (RCTs) assessing community health worker (CHW) interventions to lower hemoglobin A1c (A1c) in underserved populations. While it does not explicitly mention bottlenecks or roadblocks, it acknowledges the operational challenges of including studies from diverse ethnic/racial groups due to the limited number of clinical trials in this area. The methods section outlines a comprehensive approach to data collection and analysis, indicating an awareness of the complexities involved in evaluating CHW interventions across multiple projects. However, it lacks a detailed discussion of specific bottlenecks or roadblocks encountered during the research process, which would have strengthened the generalizability of the solutions presented."
10.1007_s11606-015-3247-0.pdf,generalizable_solutions_rubric,G2,1,"The publication focuses on community health worker (CHW) interventions aimed at lowering hemoglobin A1c (A1c) levels in underserved populations, specifically targeting ethnic/racial minorities and low-income groups. While the study includes a systematic review of randomized controlled trials, it primarily emphasizes a specific demographic rather than demonstrating common solutions across a broader range of diseases or conditions. The findings may have implications for similar populations, but the generalizability to other diseases or conditions is not explicitly addressed, limiting the score to 1."
10.1007_s11606-015-3247-0.pdf,generalizable_solutions_rubric,G3,1,"The publication demonstrates some elements of the 'generalizable_solutions_rubric' under subcategory 'G3' by focusing on community health worker (CHW) interventions aimed at lowering hemoglobin A1c in underserved populations. The methods section indicates a systematic review of randomized controlled trials, which suggests an effort to identify effective interventions that could be applicable across similar organizational environments. However, while the study includes diverse populations, it does not explicitly discuss shared resources or policies that could facilitate the generalization of findings to other settings, which limits its score to 1."
10.1038_s41467-022-34456-6.pdf,bold_rigorous_research_approaches_rubric,R1,2,"The research publication demonstrates ambitious research by investigating the genetic regulation of IgA levels across diverse ancestral populations, which has implications for understanding autoimmune and inflammatory disorders. The study identifies significant genetic loci associated with IgA levels and their pleiotropic effects on various health traits, indicating a potential paradigm shift in how we understand the relationship between genetics and immune response. The approach is high-risk due to the complexity of genetic interactions and the potential for unexpected findings, yet it aims for major advances in the field of immunology and genetics. Overall, the research is bold and rigorous, fulfilling the criteria for a score of 2."
10.1038_s41467-022-34456-6.pdf,bold_rigorous_research_approaches_rubric,R2,2,"The publication demonstrates rigorous methods through the use of large, diverse genome sequence reference panels and a well-defined methodology for analyzing IgA phenotypes across different ancestral populations. The study employs robust statistical analyses, including t-tests and regression models, to assess the significance of findings, ensuring reproducibility. Additionally, the research adheres to the principles of FAIR data by providing detailed descriptions of datasets and methods, which facilitates transparency and reproducibility. The identification of genetic loci associated with IgA levels and their implications for autoimmune disorders further underscores the rigor of the research approach. Overall, the methods employed are comprehensive and align well with the rubric's criteria for rigorous research."
10.1038_s41467-022-34456-6.pdf,bold_rigorous_research_approaches_rubric,R3,2,"The research publication demonstrates a rigorous approach to high-reward research by utilizing a large and diverse dataset of 41,263 individuals to analyze serum IgA levels across different ancestral populations. The methods section indicates a thorough statistical analysis, including t-tests and regression models, to assess the significance of findings. The study also emphasizes reproducibility by referencing a well-established genome sequence reference panel and sharing data through supplementary materials. Furthermore, the identification of genetic loci associated with IgA levels and their implications for autoimmune and inflammatory disorders reflects a commitment to rigorous testing and exploration of complex biological relationships. Overall, the publication meets the criteria for the 'R3' subcategory effectively."
10.1038_s41467-022-34456-6.pdf,boundary_crossing_partnerships_rubric,B1,0,"The provided sections do not demonstrate any evidence of cross-sector partnerships or industry-academia collaboration. The focus is primarily on genetic analysis and findings related to serum IgA levels across different ancestral populations, without any mention of partnerships with industry or other sectors. Therefore, it does not meet the criteria for the 'boundary_crossing_partnerships_rubric' subcategory 'B1'."
10.1038_s41467-022-34456-6.pdf,boundary_crossing_partnerships_rubric,B2,0,"The provided sections do not demonstrate evidence of community engagement, patient involvement, or collaborative research. The focus is primarily on genetic analysis and statistical comparisons among different ancestral populations without any mention of partnerships with communities or patients in the research process. There is no indication of how the research might involve or benefit the communities studied, nor is there any collaborative aspect highlighted in the methodology."
10.1038_s41467-022-34456-6.pdf,boundary_crossing_partnerships_rubric,B3,0,"The provided sections do not demonstrate any evidence of partnership incentives, reward systems, or policy support, which are key components of the 'boundary_crossing_partnerships_rubric' subcategory 'B3'. The focus is primarily on genetic analysis and findings related to serum IgA levels across different ancestral populations, without any mention of collaborative partnerships or incentives that would support cross-boundary research efforts."
10.1038_s41467-022-34456-6.pdf,cross_disciplinary_team_science_rubric,T1,1,"The publication demonstrates some elements of interdisciplinary and cross-field collaboration, particularly in its analysis of genetic data across diverse ancestral populations. However, it does not explicitly mention a multi-professional team or the integration of multiple disciplines in the research process. The focus is primarily on genetic and immunological data, which suggests a degree of specialization rather than a fully interdisciplinary approach. Therefore, it meets the criteria for a score of 1, indicating some level of cross-disciplinary engagement but not fully meeting the higher standards of a score of 2."
10.1038_s41467-022-34456-6.pdf,cross_disciplinary_team_science_rubric,T2,2,"The publication demonstrates a strong integration of knowledge across different ancestral populations and their genetic traits, particularly in relation to serum IgA levels and immune-mediated disorders. The analysis includes a holistic approach by examining the genetic regulation of IgA levels and its associations with various health conditions, such as autoimmune disorders and cardiovascular traits. The findings highlight the complex interplay of genetics and ancestry, showcasing a comprehensive understanding of the subject matter that aligns well with the principles of knowledge integration and a holistic approach."
10.1038_s41467-022-34456-6.pdf,cross_disciplinary_team_science_rubric,T3,0,"The provided sections do not demonstrate evidence of team leadership, shared resources, or team policies. There is no mention of collaborative efforts, coordination among team members, or any structured team dynamics that would indicate a cross-disciplinary approach. The focus is primarily on the methodology and findings related to genetic research without reference to the collaborative aspects of the research team."
10.1038_s41467-022-34456-6.pdf,generalizable_solutions_rubric,G1,1,"The publication discusses various genetic loci associated with serum IgA levels across different ancestral populations, highlighting the differences in genetic regulation and its implications for autoimmune and inflammatory disorders. However, it does not explicitly address operational challenges, bottlenecks, or roadblocks encountered in the research process or in applying these findings to multiple projects. While the findings may have generalizable implications, the lack of discussion on practical challenges limits the score to 1."
10.1038_s41467-022-34456-6.pdf,generalizable_solutions_rubric,G2,2,"The publication demonstrates a clear focus on generalizable solutions across a range of conditions, particularly in the context of immune-mediated disorders and their genetic underpinnings. The findings highlight common genetic loci associated with serum IgA levels that have implications for various autoimmune and inflammatory disorders, indicating that the research addresses solutions that are applicable across different diseases. The analysis includes diverse ancestral populations, reinforcing the generalizability of the results across different genetic backgrounds. The identification of pleiotropic effects of specific loci on multiple traits further supports the notion of common solutions applicable to a range of conditions."
10.1038_s41467-022-34456-6.pdf,generalizable_solutions_rubric,G3,1,"The publication discusses the genetic regulation of IgA levels across diverse ancestral populations, highlighting the importance of shared resources (genome sequence reference panels) and the organizational environment (the study's design and methodology). However, it lacks explicit policies or frameworks that would enhance the generalizability of the findings across different contexts or populations. While the research provides valuable insights into genetic factors influencing IgA levels, it does not fully address how these findings can be applied or adapted in various organizational or policy settings."
10.1101_2024.01.20.24301525.pdf,bold_rigorous_research_approaches_rubric,R1,2,"The research publication demonstrates an ambitious approach by utilizing a large, nationally sampled cohort through the National COVID Cohort Collaborative (N3C) and employing a target trial emulation framework to study the effect of Paxlovid on PASC. This methodology is innovative and high-risk, as it seeks to address the uncertain relationship between Paxlovid treatment and PASC onset, which could lead to major advances in understanding and preventing PASC. The use of machine learning-based computable phenotypes for measuring outcomes further indicates a rigorous and forward-thinking research strategy. Overall, the study's design and objectives align well with the principles of bold and rigorous research approaches."
10.1101_2024.01.20.24301525.pdf,bold_rigorous_research_approaches_rubric,R2,2,"The publication demonstrates a rigorous approach to research by employing the target trial emulation (TTE) framework, which is a robust method for estimating causal effects in observational data. The use of a large, nationally sampled cohort from the National COVID Cohort Collaborative (N3C) enhances the representativeness and potential reproducibility of the findings. Additionally, the study emphasizes the importance of using machine learning-based computable phenotypes for measuring outcomes, which aligns with rigorous methods and supports the FAIR data principles. The detailed description of methods, data sharing protocols, and the commitment to reproducibility through accessible code further solidify the rigor of the research approach."
10.1101_2024.01.20.24301525.pdf,bold_rigorous_research_approaches_rubric,R3,2,"The publication demonstrates a rigorous research approach by utilizing a large, nationally sampled cohort through the National COVID Cohort Collaborative (N3C) and employing a target trial emulation framework to measure the effect of Paxlovid treatment on PASC incidence. The study emphasizes reproducibility by making all code available within the N3C Data Enclave and outlines a clear methodology for data acquisition and analysis. Additionally, the authors acknowledge the limitations of their findings and the need for further research, which aligns with the principles of high-reward research and rigorous testing. The commitment to sharing data and ensuring reproducibility further supports a high score in this subcategory."
10.1101_2024.01.20.24301525.pdf,boundary_crossing_partnerships_rubric,B1,2,"The publication demonstrates a strong implementation of the 'boundary_crossing_partnerships_rubric' subcategory 'B1' by highlighting cross-sector partnerships, particularly through its collaboration with the National Institute of Health's National COVID Cohort Collaborative (N3C) and the RECOVER Initiative. The study utilizes data from multiple partners, integrating electronic health records (EHR) from a diverse cohort across the United States, which exemplifies industry-academia collaboration. The methods section clearly outlines the collaborative framework and the integration of data from various sources, indicating a robust partnership that spans different sectors in health research."
10.1101_2024.01.20.24301525.pdf,boundary_crossing_partnerships_rubric,B2,1,"The publication demonstrates some level of community engagement and patient involvement through its association with the NIH RECOVER Initiative, which aims to understand, treat, and prevent PASC. However, the text does not provide specific details on how patients or community members were actively involved in the research process or decision-making. While the study utilizes a large, nationally sampled cohort and mentions the integration of EHR data from various partners, it lacks explicit evidence of collaborative research practices that would elevate the score to a 2."
10.1101_2024.01.20.24301525.pdf,boundary_crossing_partnerships_rubric,B3,1,"The publication demonstrates some elements of the 'boundary_crossing_partnerships_rubric' subcategory 'B3' by indicating collaboration through the National Institute of Health's National COVID Cohort Collaborative (N3C) and the RECOVER Initiative, which suggests a partnership framework. However, there is limited discussion on specific partnership incentives, reward systems, or policy support that would fully meet the criteria for a higher score. The focus is primarily on the methodology and data analysis rather than on the collaborative aspects of the research."
10.1101_2024.01.20.24301525.pdf,cross_disciplinary_team_science_rubric,T1,2,"The publication demonstrates a strong implementation of the 'cross_disciplinary_team_science_rubric' subcategory 'T1' by utilizing a collaborative approach through the National Institute of Health's National COVID Cohort Collaborative (N3C) and the RECOVER Initiative. The study integrates data from multiple sources, including EHR data from various partners, and employs a target trial emulation framework, indicating a multi-professional and interdisciplinary effort. The use of machine learning-based computable phenotypes and the involvement of diverse data partners further exemplify the cross-field collaboration necessary for addressing complex health issues like PASC."
10.1101_2024.01.20.24301525.pdf,cross_disciplinary_team_science_rubric,T2,2,"The publication demonstrates a strong integration of knowledge and a holistic approach through its use of the National COVID Cohort Collaborative (N3C) and the RECOVER Initiative. The study employs a target trial emulation framework, which reflects a comprehensive methodology that integrates various data sources and analytical techniques to address the complex issue of PASC. The collaboration across multiple data partners and the emphasis on understanding, treating, and preventing PASC indicate a commitment to cross-disciplinary team science, effectively integrating diverse knowledge and perspectives."
10.1101_2024.01.20.24301525.pdf,cross_disciplinary_team_science_rubric,T3,2,"The publication demonstrates strong evidence of cross-disciplinary team science through its collaboration with the National Institute of Health's National COVID Cohort Collaborative (N3C) and the RECOVER Initiative. The use of shared resources, such as the N3C Data Enclave, which integrates EHR data from multiple data partners, indicates effective team leadership and collaboration. Additionally, the structured approach to data acquisition, ingestion, and harmonization reflects established team policies that facilitate the research process. The authors also emphasize the importance of collaboration and data sharing, which further supports the implementation of the T3 subcategory."
10.1101_2024.01.20.24301525.pdf,generalizable_solutions_rubric,G1,1,"The publication discusses the use of a large, nationally sampled cohort and the target trial emulation framework to study the effects of Paxlovid on PASC, indicating an effort to address operational challenges in research. However, it does not explicitly mention bottlenecks or roadblocks encountered during the research process, nor does it provide insights into how these challenges were managed across multiple projects. Therefore, while there is some evidence of generalizability in the methodology, it lacks a comprehensive discussion of the challenges faced, which limits the score to 1."
10.1101_2024.01.20.24301525.pdf,generalizable_solutions_rubric,G2,1,"The publication discusses the use of a large, nationally sampled cohort from the National COVID Cohort Collaborative (N3C) to study the effects of Paxlovid on PASC, indicating an attempt to derive findings that could be applicable across a range of conditions. However, while it mentions the use of a ""VA-like cohort"" and acknowledges differences in demographics and risk factors, it does not provide strong evidence of common solutions or generalizability across diseases. The focus remains primarily on COVID-19 and PASC, limiting the applicability of the findings to other diseases or conditions. Thus, it partially meets the criteria for generalizable solutions but does not fully demonstrate it."
10.1101_2024.01.20.24301525.pdf,generalizable_solutions_rubric,G3,1,"The publication demonstrates some aspects of the 'generalizable_solutions_rubric' subcategory 'G3' by utilizing shared resources such as the N3C Data Enclave, which integrates EHR data from multiple data partners. This collaborative approach suggests an organizational environment that supports shared resources for research. However, the discussion of policies is limited, and while the study aims to provide insights that could be applicable to broader populations, it does not fully articulate how these findings could be generalized or implemented across different organizational settings. Therefore, it meets the criteria to a degree but lacks comprehensive coverage of all relevant aspects."
10.1186_s40200-014-0118-x.pdf,bold_rigorous_research_approaches_rubric,R1,1,"The research publication presents a novel approach to screening for type 2 diabetes mellitus using the TM-Oxi and SudoPath system, which is a non-invasive and potentially more efficient method compared to traditional diagnostic techniques. While the study does not explicitly indicate a paradigm shift or high-risk approach, it does aim for major advances in early detection and management of diabetes, which aligns with the rubric's emphasis on ambitious research. However, the methods and results do not fully demonstrate the boldness or high-risk nature typically associated with a score of 2."
10.1186_s40200-014-0118-x.pdf,bold_rigorous_research_approaches_rubric,R2,1,"The publication demonstrates some rigorous methods, such as the use of a well-defined participant selection process, standardized testing (oral glucose tolerance test), and statistical analysis (using SPSS with a significance level). However, it lacks details on reproducibility, data sharing practices (FAIR data), and a comprehensive description of the robustness of the approach. While the methods are appropriate for the study's aims, they do not fully meet the criteria for a higher score in this subcategory."
10.1186_s40200-014-0118-x.pdf,bold_rigorous_research_approaches_rubric,R3,1,"The research publication demonstrates some elements of rigorous testing, particularly through the use of established methods for assessing autonomic nervous system (ANS) function and cardiometabolic risk indicators. The study employs a non-invasive screening device (TM-Oxi and SudoPath system) and includes statistical analysis to evaluate the validity of its findings. However, while the methods are described, there is limited information on data sharing or reproducibility practices, which are critical for high-reward research. Therefore, it does not fully meet the criteria for a higher score."
10.1186_s40200-014-0118-x.pdf,boundary_crossing_partnerships_rubric,B1,0,The publication does not demonstrate the principle of 'boundary_crossing_partnerships_rubric' in subcategory 'B1'. There is no evidence of cross-sector partnerships or industry-academia collaboration mentioned in the methods or results sections. The focus is primarily on the evaluation of a specific diagnostic system for type 2 diabetes without indicating any collaboration with industry or other sectors.
10.1186_s40200-014-0118-x.pdf,boundary_crossing_partnerships_rubric,B2,0,"The publication does not demonstrate the principle of 'boundary_crossing_partnerships_rubric' in subcategory 'B2', as there is no evidence of community engagement, patient involvement, or collaborative research. The methods and results sections focus solely on the technical aspects of the study and the evaluation of a diagnostic system without mentioning any collaboration with community members or patients in the research process. There is no indication that the research involved input or participation from the target population, which is essential for scoring in this subcategory."
10.1186_s40200-014-0118-x.pdf,boundary_crossing_partnerships_rubric,B3,0,"The publication does not provide evidence of partnership incentives, reward systems, or policy support related to boundary-crossing partnerships. The methods and results sections focus primarily on the technical evaluation of the TM-Oxi and SudoPath system for screening type 2 diabetes mellitus, without discussing any collaborative efforts, incentives for partnerships, or supportive policies that would indicate the implementation of the subcategory 'B3'."
10.1186_s40200-014-0118-x.pdf,cross_disciplinary_team_science_rubric,T1,0,"The publication does not demonstrate the principle of cross-disciplinary team science as it primarily focuses on a specific medical and technical evaluation of a screening device for type 2 diabetes mellitus. There is no indication of interdisciplinary collaboration or involvement of multiple professional fields, as the methods and results are centered around a singular approach to diabetes assessment without mention of contributions from diverse disciplines or professionals."
10.1186_s40200-014-0118-x.pdf,cross_disciplinary_team_science_rubric,T2,1,"The publication demonstrates some elements of knowledge integration and a holistic approach, particularly through the use of the TM-Oxi and SudoPath system, which combines multiple physiological measurements (heart rate variability, vascular dynamics, and skin response) to assess autonomic nervous system function in relation to type 2 diabetes mellitus. However, the integration of knowledge across different disciplines (e.g., cardiology, endocrinology, and technology) is not fully elaborated in the provided sections, limiting the score to a 1 rather than a 2."
10.1186_s40200-014-0118-x.pdf,cross_disciplinary_team_science_rubric,T3,0,"The provided sections do not demonstrate any evidence of team leadership, shared resources, or team policies. The methods and results focus solely on the technical aspects of the study and the evaluation of the TM-Oxi and SudoPath system without mentioning any collaborative efforts, team dynamics, or policies that would indicate a cross-disciplinary team approach."
10.1186_s40200-014-0118-x.pdf,generalizable_solutions_rubric,G1,1,"The publication discusses the development and evaluation of the TM-Oxi and SudoPath system as a non-invasive screening tool for type 2 diabetes mellitus, addressing operational challenges in current diagnostic methods. However, it does not explicitly identify or analyze bottlenecks or roadblocks in the implementation of this solution across multiple projects or settings, which limits its generalizability. The focus is primarily on the validation of the system rather than on broader operational challenges that could affect its application in diverse contexts."
10.1186_s40200-014-0118-x.pdf,generalizable_solutions_rubric,G2,0,"The publication focuses specifically on type 2 diabetes mellitus and the evaluation of a screening device for this particular condition. There is no evidence of solutions or findings that are generalizable across a range of diseases or conditions, nor does it discuss common solutions applicable to multiple diseases. The study is narrowly focused on a single disease without addressing broader implications or applications."
10.1186_s40200-014-0118-x.pdf,generalizable_solutions_rubric,G3,1,"The publication discusses the development and evaluation of the TM-Oxi and SudoPath system, which aims to provide a non-invasive and efficient method for screening type 2 diabetes mellitus. While it does not explicitly mention shared resources, policies, or the organizational environment, it implies a potential for generalizability in clinical settings by addressing the need for improved screening methods for diabetes. The focus on early detection and management of diabetes suggests that the findings could be relevant to broader healthcare practices, but the lack of explicit discussion on shared resources or policies limits the score to 1."
10.2147_jhc.s212401.pdf,bold_rigorous_research_approaches_rubric,R1,1,"The research publication demonstrates some elements of ambitious research by utilizing a comprehensive and extensive dataset (Florida Cancer Data System) to analyze socioeconomic factors and their association with survival in HCC cases. However, while the study employs rigorous methods and links multiple data sources, it does not clearly indicate a paradigm shift or high-risk approach that would warrant a higher score. The focus appears to be on established methodologies rather than introducing major advances or innovative techniques. Thus, it meets the criteria for a score of 1, reflecting a moderate level of ambition and rigor."
10.2147_jhc.s212401.pdf,bold_rigorous_research_approaches_rubric,R2,2,"The research publication demonstrates rigorous methods by utilizing a comprehensive and well-established data source (Florida Cancer Data System) that captures a significant portion of cancer cases in Florida. The linkage to the US Census American Community Survey and the Behavioral Risk Factor Surveillance System enhances the robustness of the socioeconomic and health-related data. The methods employed, including the use of Cox proportional hazards modeling, indicate a rigorous analytical approach. Additionally, the detailed description of data sources, response rates, and the handling of missing data supports reproducibility and adherence to FAIR data principles. Overall, the study employs a robust approach to analyze the association between race and survival in HCC cases, fulfilling the criteria for this rubric subcategory."
10.2147_jhc.s212401.pdf,bold_rigorous_research_approaches_rubric,R3,2,"The research publication demonstrates a rigorous approach by utilizing a comprehensive and well-established data source (Florida Cancer Data System) that captures a significant portion of cancer cases in Florida. The methods include linking multiple datasets (US Census American Community Survey and Behavioral Risk Factor Surveillance System) to assess socioeconomic characteristics and health behaviors, which enhances the robustness of the analysis. The use of Cox proportional hazards modeling indicates a rigorous testing methodology to explore the association between race and survival. Additionally, the publication emphasizes the importance of reproducibility and sharing data by detailing the data sources and methodologies used, which aligns with high-reward research principles. Overall, the thoroughness and transparency in the methods section reflect a strong commitment to rigorous research approaches."
10.2147_jhc.s212401.pdf,boundary_crossing_partnerships_rubric,B1,2,"The research publication demonstrates strong evidence of cross-sector partnerships, particularly through its collaboration with the Florida Department of Health, the Centers for Disease Control and Prevention, and the National Program for Cancer Registries. The use of the Florida Cancer Data System (FCDS), which is operated by the Sylvester Comprehensive Cancer Center at the University of Miami, indicates a clear industry-academia collaboration. The integration of data from multiple sources, including the US Census American Community Survey and the Behavioral Risk Factor Surveillance System, further exemplifies a cross-sector approach to understanding health disparities in hepatocellular carcinoma (HCC) cases. This comprehensive methodology reflects a commitment to leveraging partnerships across different sectors to enhance research outcomes."
10.2147_jhc.s212401.pdf,boundary_crossing_partnerships_rubric,B2,0,"The provided sections focus primarily on the methods and data sources used for analyzing hepatocellular carcinoma (HCC) cases, including the Florida Cancer Data System and various linked datasets. However, there is no evidence of community engagement, patient involvement, or collaborative research practices. The methodology appears to be data-driven and does not indicate any partnerships with community members or patients in the research process. Therefore, it does not meet the criteria for the 'B2' subcategory of the boundary-crossing partnerships rubric."
10.2147_jhc.s212401.pdf,boundary_crossing_partnerships_rubric,B3,0,"The relevant sections do not provide evidence of partnership incentives, reward systems, or policy support that would indicate the implementation of boundary-crossing partnerships. The focus is primarily on data collection and analysis methods without discussing collaborative efforts or incentives that would foster partnerships across different sectors or organizations."
10.2147_jhc.s212401.pdf,cross_disciplinary_team_science_rubric,T1,1,"The publication demonstrates some elements of interdisciplinary and cross-field collaboration, particularly through the use of diverse data sources such as the Florida Cancer Data System, US Census American Community Survey, and Behavioral Risk Factor Surveillance System. However, it does not explicitly mention a multi-professional team or the integration of different professional perspectives in the research process, which limits its score to a 1 rather than a 2."
10.2147_jhc.s212401.pdf,cross_disciplinary_team_science_rubric,T2,2,"The research publication demonstrates a strong integration of knowledge across multiple disciplines by linking cancer data with socioeconomic and behavioral health data from various sources, including the Florida Cancer Data System, US Census American Community Survey, and Behavioral Risk Factor Surveillance System. This holistic approach allows for a comprehensive understanding of the factors influencing health outcomes in hepatocellular carcinoma (HCC) cases, effectively addressing the complexities of health disparities. The use of diverse data sources and the emphasis on population-level characteristics reflect a commitment to knowledge integration, fulfilling the criteria of the 'cross_disciplinary_team_science_rubric' subcategory T2."
10.2147_jhc.s212401.pdf,cross_disciplinary_team_science_rubric,T3,1,"The publication demonstrates some aspects of the 'T3' subcategory of the 'cross_disciplinary_team_science_rubric' by indicating collaboration with various organizations such as the Florida Department of Health, CDC, and the National Program for Cancer Registries. However, it lacks explicit details on team leadership, shared resources, and team policies that would warrant a higher score. The methods section primarily focuses on data collection and analysis without providing insights into the collaborative framework or governance of the research team."
10.2147_jhc.s212401.pdf,generalizable_solutions_rubric,G1,1,"The publication discusses the use of the Florida Cancer Data System (FCDS) and its linkage to various socioeconomic and health-related datasets, which indicates an understanding of operational challenges in data collection and analysis. However, it does not explicitly address bottlenecks or roadblocks encountered during the research process or how these challenges were managed across multiple projects. The focus is primarily on the methodology and data sources rather than on generalizable solutions to potential challenges faced in similar research contexts."
10.2147_jhc.s212401.pdf,generalizable_solutions_rubric,G2,1,"The research publication demonstrates some aspects of the principle 'generalizable_solutions_rubric' by utilizing a large, population-based cancer registry (FCDS) and linking it to socioeconomic data from the US Census American Community Survey and health behavior data from the Behavioral Risk Factor Surveillance System. This approach allows for the analysis of common solutions and associations across a specific disease (HCC) and its socioeconomic context. However, the focus is primarily on HCC without explicit mention of findings or solutions that could be generalized across a broader range of diseases or conditions, which limits the score to 1 rather than 2."
10.2147_jhc.s212401.pdf,generalizable_solutions_rubric,G3,2,"The research publication demonstrates the principle of generalizable solutions by effectively utilizing shared resources such as the Florida Cancer Data System (FCDS) and linking it with the US Census American Community Survey and the Behavioral Risk Factor Surveillance System. This approach allows for a comprehensive analysis of socioeconomic characteristics and health disparities at a population level, which can inform policies and interventions in similar organizational environments. The methods employed reflect a robust understanding of how to leverage existing data sources to derive insights that are applicable beyond the specific study population, thus fulfilling the criteria for generalizability."
10.1007_s12471-011-0224-z.pdf,bold_rigorous_research_approaches_rubric,R1,1,"The research publication demonstrates some elements of ambitious research and high-risk approaches, particularly through its prospective observational study design involving multiple centers and a significant patient population (358 patients). However, it does not clearly indicate a paradigm shift or major advances in the field, which would be necessary for a higher score. The study focuses on established methods and endpoints without introducing novel concepts or high-risk interventions that could lead to major advances in the treatment of aortic stenosis. Thus, it partially meets the criteria for the subcategory but lacks the boldness and innovation required for a score of 2."
10.1007_s12471-011-0224-z.pdf,bold_rigorous_research_approaches_rubric,R2,2,"The research publication demonstrates rigorous methods through a well-defined three-centre prospective observational study involving a substantial patient population (358 patients). The endpoints were clearly defined according to the Valve Academic Research Consortium, ensuring reproducibility. Data collection was systematic and included source verification, enhancing the reliability of the findings. The statistical analysis employed appropriate methods for the data types, and follow-up procedures were thorough, confirming the robustness of the approach. The study adheres to principles of FAIR data by ensuring comprehensive data collection and follow-up, which supports reproducibility and transparency in research. Overall, the methods are rigorous and robust, justifying a score of 2."
10.1007_s12471-011-0224-z.pdf,bold_rigorous_research_approaches_rubric,R3,2,"The research publication demonstrates a rigorous approach to data collection and analysis, as evidenced by the three-centre prospective observational study design involving a substantial patient population of 358. The methods section outlines clear eligibility criteria, treatment decisions made by a Heart Team, and a comprehensive data collection process that includes source verification and follow-up procedures. The endpoints are well-defined according to the Valve Academic Research Consortium, ensuring reproducibility. Additionally, the statistical analysis is thorough, employing appropriate methods to compare treatment groups and identify predictors of mortality. The study's focus on high-reward research is evident in its exploration of TAVI outcomes, and the rigorous testing of hypotheses through multivariable analysis further supports the robustness of the findings. Overall, the publication adheres to the principles of bold and rigorous research approaches."
10.1007_s12471-011-0224-z.pdf,boundary_crossing_partnerships_rubric,B1,1,"The publication describes a three-centre prospective observational study involving collaboration between institutions in the Netherlands and Colombia, indicating a cross-sector partnership. However, while it mentions the involvement of multiple institutions, it does not provide specific details about the nature of the partnerships or any formal industry-academia collaboration. Therefore, it partially meets the criteria for the subcategory but lacks comprehensive evidence of a robust partnership."
10.1007_s12471-011-0224-z.pdf,boundary_crossing_partnerships_rubric,B2,0,"The publication does not demonstrate evidence of community engagement, patient involvement, or collaborative research as outlined in the 'boundary_crossing_partnerships_rubric' subcategory B2. The methods section primarily describes the study design, patient population, and data collection processes without indicating any active involvement of patients or community stakeholders in the research process. There is no mention of collaborative efforts with community organizations or patient advocacy groups, nor is there evidence of patient input in the research design or decision-making processes."
10.1007_s12471-011-0224-z.pdf,boundary_crossing_partnerships_rubric,B3,0,"The publication does not provide evidence of partnership incentives, reward systems, or policy support as outlined in the 'boundary_crossing_partnerships_rubric' subcategory B3. While it describes a collaborative study involving multiple institutions, there is no mention of specific incentives or support mechanisms that would facilitate or reward such partnerships. The focus is primarily on the methodology and results of the clinical study rather than on the collaborative framework or policies that support the partnership between the institutions involved."
10.1007_s12471-011-0224-z.pdf,cross_disciplinary_team_science_rubric,T1,2,"The research publication demonstrates a strong implementation of the principle of cross-disciplinary team science, particularly in subcategory T1. The study involves collaboration across three different medical centers in two countries (the Netherlands and Colombia), indicating a multi-professional and interdisciplinary approach. The involvement of various specialties, such as cardiology, cardio-thoracic surgery, and neurology, in the treatment decision-making process during Heart Team meetings further emphasizes the cross-field collaboration. Additionally, the structured data collection and follow-up processes across these institutions highlight the integration of diverse expertise and methodologies, aligning well with the rubric's keywords of interdisciplinary, multi-professional, and cross-field collaboration."
10.1007_s12471-011-0224-z.pdf,cross_disciplinary_team_science_rubric,T2,1,"The publication demonstrates some elements of knowledge integration and a holistic approach through its collaborative methodology involving three different medical centers across two countries. The use of a similar database and structured data collection indicates an effort to integrate knowledge from diverse settings. However, the details provided do not fully illustrate a comprehensive holistic approach, as the focus remains primarily on the clinical outcomes and statistical analysis rather than a broader interdisciplinary integration of knowledge across various fields. Thus, it partially meets the criteria for the subcategory T2."
10.1007_s12471-011-0224-z.pdf,cross_disciplinary_team_science_rubric,T3,2,"The publication demonstrates strong evidence of team leadership, shared resources, and team policies. The study involved a three-centre collaboration across different countries, indicating effective team leadership and coordination among the institutions. The use of a similar database and structure for data collection across all centres shows shared resources. Additionally, the treatment decisions were made by consensus during Heart Team meetings, reflecting established team policies for collaborative decision-making. Overall, these elements align well with the principles outlined in the 'cross_disciplinary_team_science_rubric' subcategory T3."
10.1007_s12471-011-0224-z.pdf,generalizable_solutions_rubric,G1,1,"The publication provides a detailed methodology and results from a multi-center study involving patients undergoing TAVI, which suggests an effort to address operational challenges in a clinical setting. However, while it mentions reasons for treatment decisions and outcomes, it does not explicitly discuss bottlenecks or roadblocks encountered during the study or in the implementation of TAVI across multiple projects. The focus is primarily on clinical outcomes rather than on generalizable solutions to operational challenges, which limits the score to 1."
10.1007_s12471-011-0224-z.pdf,generalizable_solutions_rubric,G2,1,"The study includes a diverse patient population from three different centers across two countries, which suggests an attempt to evaluate the treatment outcomes of TAVI across a range of conditions. However, while it provides some insights into common solutions (TAVI, AVR, MT) and their outcomes, it does not explicitly discuss the generalizability of these findings across different diseases or conditions beyond the specific context of aortic stenosis. Therefore, it partially meets the criteria for generalizable solutions but lacks comprehensive evidence of applicability across a broader range of diseases."
10.1007_s12471-011-0224-z.pdf,generalizable_solutions_rubric,G3,1,"The research publication demonstrates some aspects of the principle 'generalizable_solutions_rubric' in subcategory 'G3' by detailing a multi-center study involving shared resources and a standardized approach to data collection and follow-up across different institutions. However, while it mentions the establishment of a similar database and structure of data collection, it lacks specific policies or organizational environments that would enhance the generalizability of the findings. Therefore, it partially meets the criteria but does not fully exemplify the principle."
10.1371_journal.pone.0206686.pdf,bold_rigorous_research_approaches_rubric,R1,2,"The research publication demonstrates an ambitious approach by investigating the effects of a high-risk epigenetic treatment (5-Aza-2’-deoxycytidine) on melanoma cell lines with different metastatic potentials. The study aims to elucidate complex interactions between transcriptome and methylome profiles, which could lead to major advances in understanding cancer biology and treatment. The use of high-throughput sequencing and network analysis indicates a rigorous methodology that seeks to uncover potentially paradigm-shifting insights into the reprogramming dynamics induced by epigenetic therapy. Overall, the research is bold in its scope and aims to contribute significantly to the field."
10.1371_journal.pone.0206686.pdf,bold_rigorous_research_approaches_rubric,R2,2,"The research publication demonstrates rigorous methods through the use of high-throughput RNA-Seq and RRBS-Seq experiments, which are robust approaches for analyzing transcriptome and methylome profiles. The study emphasizes reproducibility by mapping differential profiles onto standard bio-annotation sources and utilizing network configurations to elucidate the effects of epigenetic therapy. Additionally, the mention of Next Generation Sequencing protocols and the assessment of various molecular landscapes indicates a commitment to FAIR data principles, ensuring that the data is findable, accessible, interoperable, and reusable. Overall, the methods employed are thorough and well-justified, aligning with the criteria for rigorous research approaches."
10.1371_journal.pone.0206686.pdf,bold_rigorous_research_approaches_rubric,R3,2,"The research publication demonstrates a high level of rigor in its approach by employing high-throughput RNA-Seq and RRBS-Seq experiments to analyze the effects of demethylation treatment on melanoma cell lines. The study emphasizes reproducibility through the use of standard bio-annotation sources and rigorous testing of the correlation between transcriptome and methylome profiles. Additionally, the authors discuss the complexity of cancer heterogeneity and the need for careful assessment of causative and confounding factors, which aligns with the principles of rigorous research. The data availability statement indicates a commitment to sharing data, further supporting the high-reward nature of the research. Overall, the methods and findings reflect a robust and thorough investigation into the effects of epigenetic therapy in melanoma."
10.1371_journal.pone.0206686.pdf,boundary_crossing_partnerships_rubric,B1,0,The publication does not demonstrate the principle of 'boundary_crossing_partnerships_rubric' in subcategory 'B1' as it lacks evidence of cross-sector partnerships or industry-academia collaboration. The methods described focus solely on the experimental and analytical processes related to melanoma cell lines and do not mention any collaboration with industry or other sectors. There is no indication of partnerships that would typically involve multiple stakeholders from different sectors working together on the research.
10.1371_journal.pone.0206686.pdf,boundary_crossing_partnerships_rubric,B2,0,"The provided sections do not demonstrate community engagement, patient involvement, or collaborative research. The focus is primarily on the technical aspects of the research methodology and findings related to melanoma cell lines and epigenetic treatment, without any indication of partnerships with community members or patients. There is no mention of how the research involves or benefits the community or patients, which is essential for scoring in this subcategory."
10.1371_journal.pone.0206686.pdf,boundary_crossing_partnerships_rubric,B3,0,"The provided sections do not demonstrate any evidence of partnership incentives, reward systems, or policy support, which are key components of the 'boundary_crossing_partnerships_rubric' subcategory 'B3'. The focus is primarily on the methods and findings related to the treatment of melanoma cell lines, without any mention of collaborative efforts, incentives for partnerships, or supportive policies that would indicate a boundary-crossing partnership."
10.1371_journal.pone.0206686.pdf,cross_disciplinary_team_science_rubric,T1,1,"The publication demonstrates some elements of interdisciplinary and multi-professional collaboration, particularly in its use of high-throughput RNA-Seq and RRBS-Seq experiments, which suggest a combination of expertise in molecular biology, bioinformatics, and cancer research. However, the text does not explicitly mention collaboration across different fields or professions, which limits the score to a 1 rather than a 2. The focus remains primarily within the realm of cancer research and molecular biology without clear evidence of a broader cross-disciplinary team."
10.1371_journal.pone.0206686.pdf,cross_disciplinary_team_science_rubric,T2,2,"The research publication demonstrates a strong integration of knowledge across multiple disciplines, including molecular biology, genomics, and computational analysis. The study employs a holistic approach by examining both transcriptome and methylome profiles in melanoma cell lines, which allows for a comprehensive understanding of the effects of epigenetic treatment. The use of high-throughput sequencing and network analysis to elucidate the interactions and dynamics of gene expression and methylation further exemplifies the integration of diverse scientific methods and perspectives. This aligns well with the principles of knowledge integration and a holistic approach, justifying a score of 2."
10.1371_journal.pone.0206686.pdf,cross_disciplinary_team_science_rubric,T3,0,"The provided sections do not demonstrate evidence of team leadership, shared resources, or team policies. The focus is primarily on the methods and findings related to the treatment of melanoma cell lines, without any mention of collaborative efforts, resource sharing, or structured team dynamics that would indicate a cross-disciplinary team approach."
10.1371_journal.pone.0206686.pdf,generalizable_solutions_rubric,G1,1,"The publication discusses the operational challenges and complexities associated with cancer research, particularly in the context of melanoma and epigenetic treatments. It highlights the heterogeneity of cancer and the need for rigorous assessment of various factors influencing gene expression and treatment outcomes. However, while it touches on the challenges faced in the research process, it does not explicitly address multiple projects or provide a comprehensive framework for generalizable solutions to these roadblocks. Therefore, it partially meets the criteria for the subcategory but lacks sufficient depth to score higher."
10.1371_journal.pone.0206686.pdf,generalizable_solutions_rubric,G2,1,"The research publication focuses on the effects of demethylation treatment in melanoma cell lines, specifically examining the differential profiles of transcriptomes and methylomes. While it discusses the potential for generalizable insights, such as the role of DNA methylation in cancer and the implications for treatment across different conditions (e.g., CRC), the findings are primarily centered on melanoma. There is limited evidence of common solutions or applicability across a broader range of diseases, which restricts the generalizability of the results. Thus, it partially meets the criteria for the subcategory but does not fully demonstrate broad applicability across diseases."
10.1371_journal.pone.0206686.pdf,generalizable_solutions_rubric,G3,1,"The publication discusses the use of shared resources such as high-throughput RNA-Seq and RRBS-Seq experiments to analyze the effects of demethylation treatment on melanoma cell lines. It highlights the importance of understanding the organizational environment of cancer research, particularly in the context of epigenetic therapy. However, while it touches on the relevance of policies and shared resources, it does not provide extensive evidence of how these findings can be generalized or applied across different contexts or settings, which limits its score to a 1."
10.2147_ijgm.s56250.pdf,bold_rigorous_research_approaches_rubric,R1,1,"The research publication demonstrates some elements of ambitious research by targeting a significant health issue (diabetes) within a diverse Latino population, which is a high-risk group. The study's design as a randomized controlled trial (RCT) indicates a rigorous approach to evaluating the effectiveness of the community health worker (CHW) intervention. However, while the study aims to address important health disparities, it does not clearly indicate a paradigm shift or major advances in methodology or theory, which would be necessary for a higher score. The focus on a specific community and the innovative use of CHWs suggests ambition, but the overall risk and potential for major advances are not fully articulated in the provided sections."
10.2147_ijgm.s56250.pdf,bold_rigorous_research_approaches_rubric,R2,2,"The research publication demonstrates rigorous methods through its design as a randomized controlled trial (RCT) involving a well-defined population of Latino patients with diabetes. The inclusion and exclusion criteria are clearly stated, ensuring a robust approach to participant selection. The study employs a comprehensive recruitment strategy utilizing electronic medical records, which enhances reproducibility. Additionally, the primary and secondary outcomes are well-defined, allowing for clear measurement of the intervention's effectiveness. The methods section indicates a commitment to rigorous research practices, including follow-up examinations and a structured intervention, which aligns with the principles of reproducibility and robust methodology. Overall, the study adheres to the principles of rigorous research approaches, justifying a score of 2."
10.2147_ijgm.s56250.pdf,bold_rigorous_research_approaches_rubric,R3,2,"The research publication demonstrates a rigorous approach to high-reward research by employing a randomized controlled trial (RCT) design, which is a robust method for testing the efficacy of the community health worker (CHW) intervention. The study includes a well-defined population (Latino patients with diabetes), clear inclusion and exclusion criteria, and a comprehensive recruitment strategy. The primary and secondary outcomes are relevant and measurable, focusing on important health indicators. Additionally, the study's setting in a diverse community enhances its applicability and potential for reproducibility. The methods section indicates a commitment to rigorous testing and the potential for sharing data, aligning well with the principles outlined in the rubric."
10.2147_ijgm.s56250.pdf,boundary_crossing_partnerships_rubric,B1,2,"The research publication demonstrates strong evidence of cross-sector partnerships, particularly through its collaboration with the Jackson Health Care System (JHS) and the University of Miami. The study effectively integrates community health workers (CHWs) into the healthcare delivery model, bridging the gap between patients and the healthcare system. This partnership is indicative of an industry-academia collaboration, as it involves both a public health system and an academic institution working together to address health disparities in a diverse Latino population. The focus on a community-based intervention further emphasizes the cross-sector nature of the initiative, aligning well with the principles outlined in the rubric."
10.2147_ijgm.s56250.pdf,boundary_crossing_partnerships_rubric,B2,2,"The publication demonstrates strong community engagement and patient involvement through the use of community health workers (CHWs) who serve as a bridge between patients and the healthcare system. The study is conducted in a community setting that reflects the diverse Latino population of Miami, which enhances its relevance and applicability. The recruitment strategy actively involves patients by utilizing their electronic medical records and providing them with options to opt-out, indicating a respectful and inclusive approach to patient involvement. The collaborative nature of the research is evident in the partnership with the Jackson Health Care System, which serves a medically indigent population, further emphasizing the commitment to community engagement and collaborative research."
10.2147_ijgm.s56250.pdf,boundary_crossing_partnerships_rubric,B3,1,"The publication describes a community health initiative that involves partnerships with the Jackson Health Care System and the University of Miami, indicating some level of collaboration. However, it lacks detailed information on specific partnership incentives, reward systems, or policy support that would enhance the effectiveness of these partnerships. While the study is set in a community with a diverse Latino population, which is a positive aspect, the absence of explicit mention of incentives or support mechanisms limits the score to a 1."
10.2147_ijgm.s56250.pdf,cross_disciplinary_team_science_rubric,T1,2,"The research publication demonstrates a strong implementation of the 'cross_disciplinary_team_science_rubric' subcategory 'T1' as it involves a multi-professional approach by integrating community health workers (CHWs) with healthcare providers in a diverse community setting. The study addresses the health needs of a multiethnic Latino population, indicating an interdisciplinary effort to tackle diabetes management through various methods, including health education and patient navigation. The collaboration between different professionals (e.g., CHWs, internal medicine and family medicine trainees, and faculty from the University of Miami) exemplifies a cross-field approach to health intervention, fulfilling the criteria for interdisciplinary and multi-professional teamwork."
10.2147_ijgm.s56250.pdf,cross_disciplinary_team_science_rubric,T2,1,"The publication demonstrates some elements of knowledge integration and a holistic approach through its focus on a community health worker (CHW) intervention that addresses both medical and non-medical social services for Latino patients with diabetes. The study recognizes the diverse Latino population in Miami and tailors its intervention to meet the specific needs of this community, indicating an understanding of the broader social determinants of health. However, the integration of knowledge across disciplines is not fully elaborated in the methods section, which limits the score to a 1 rather than a 2."
10.2147_ijgm.s56250.pdf,cross_disciplinary_team_science_rubric,T3,0,"The provided sections do not demonstrate evidence of team leadership, shared resources, or team policies. While the study involves a community health worker intervention and collaboration with the Jackson Health Care System, there is no mention of specific team leadership structures, shared resources among team members, or established team policies guiding the research. The focus is primarily on the methodology and recruitment process rather than on the dynamics of the research team or their collaborative practices."
10.2147_ijgm.s56250.pdf,generalizable_solutions_rubric,G1,1,"The publication discusses the operational challenges faced during the study, such as the initial plan to conduct the research in New York City and the subsequent need to relocate to Miami. This change highlights a potential roadblock in the research process. Additionally, the study's focus on a diverse Latino population and the recruitment strategy indicates an awareness of the complexities involved in addressing multiple projects within a community health context. However, the publication does not explicitly address specific bottlenecks or roadblocks encountered during the implementation of the intervention, which limits the score to 1 rather than 2."
10.2147_ijgm.s56250.pdf,generalizable_solutions_rubric,G2,1,"The study focuses on a specific population (Latino patients with diabetes) and evaluates the effectiveness of a community health worker (CHW) intervention. While it does provide some insights into common solutions (e.g., CHW interventions) and mentions a diverse Latino community, the findings are primarily limited to this specific group and do not explicitly demonstrate generalizable solutions across a broader range of diseases or conditions. The publication references other studies involving CHW interventions among Latinos, but it does not sufficiently establish that the solutions are applicable across different diseases or conditions beyond the specific context of diabetes in Latino populations."
10.2147_ijgm.s56250.pdf,generalizable_solutions_rubric,G3,2,"The research publication demonstrates the principle of generalizable solutions, particularly in the subcategory G3, by effectively utilizing shared resources and policies within the organizational environment. The study is conducted in Miami-Dade County, which has a diverse Latino population, making it a suitable setting for testing interventions aimed at this demographic. The use of the Jackson Health Care System, a public hospital system that serves a large number of uninsured patients, highlights the integration of community resources and policies that can be replicated in similar settings. Additionally, the recruitment strategy leverages electronic medical records to identify eligible participants, showcasing an efficient use of organizational resources. Overall, the study's design and context suggest that the findings could be applicable to other similar populations and settings, fulfilling the criteria for generalizability."
10.1007_s00125-015-3766-6.pdf,bold_rigorous_research_approaches_rubric,R1,1,"The research publication demonstrates some elements of ambitious research and potential for major advances, particularly in the exploration of podocytes as immune-like cells and the implications of B7-1 in kidney disease. However, while the findings suggest a novel therapeutic target, the research does not fully embody a high-risk or paradigm-shifting approach, as it builds on existing knowledge rather than proposing a radically new framework. Thus, it scores a 1 for showing promise but lacking the boldness and high-risk nature typically associated with a score of 2."
10.1007_s00125-015-3766-6.pdf,bold_rigorous_research_approaches_rubric,R2,1,"The publication demonstrates some elements of rigorous methods and a robust approach, particularly in the description of the experimental findings related to podocyte B7-1 and its implications in renal disease. However, it lacks detailed information on reproducibility and the application of FAIR data principles. While the results section provides insights into the mechanisms and interactions involved, it does not sufficiently address the rigor of the methods used or the reproducibility of the findings, which are critical for a higher score in this rubric subcategory."
10.1007_s00125-015-3766-6.pdf,bold_rigorous_research_approaches_rubric,R3,1,"The publication demonstrates some elements of rigorous research approaches, particularly in the context of high-reward research and rigorous testing. The methods section indicates a focus on personalized treatment strategies and the involvement of various research agreements, suggesting a collaborative and potentially reproducible approach. However, while the results section provides detailed findings related to podocyte behavior and the implications for kidney disease, it lacks explicit mention of data sharing or reproducibility measures. Therefore, it partially meets the criteria for R3 but does not fully exemplify all aspects of rigorous testing and reproducibility, leading to a score of 1."
10.1007_s00125-015-3766-6.pdf,boundary_crossing_partnerships_rubric,B1,2,"The publication demonstrates a strong implementation of the 'boundary_crossing_partnerships_rubric' subcategory 'B1' through its clear evidence of cross-sector partnerships. The authors have established research agreements with multiple pharmaceutical companies (Hoffmann-La Roche, Abbvie, Mesoblast, and Bristol-Myers Squibb), indicating a robust industry-academia collaboration aimed at developing personalized treatment strategies for renal disease. This collaboration exemplifies the integration of academic research with industry expertise, fulfilling the rubric's criteria for cross-sector partnerships."
10.1007_s00125-015-3766-6.pdf,boundary_crossing_partnerships_rubric,B2,0,"The publication does not demonstrate the principle of 'boundary_crossing_partnerships_rubric' in the subcategory 'B2', as there is no evidence of community engagement, patient involvement, or collaborative research. The methods section primarily discusses the authors' affiliations and research agreements with pharmaceutical companies, but it lacks any mention of direct involvement or collaboration with patients or community stakeholders in the research process. The results section focuses on scientific findings without indicating any engagement with the community or patients. Therefore, it does not meet the criteria for scoring in this subcategory."
10.1007_s00125-015-3766-6.pdf,boundary_crossing_partnerships_rubric,B3,1,"The publication demonstrates some aspects of partnership incentives and reward systems through the research agreements signed by the authors with various pharmaceutical companies. However, there is limited information on how these partnerships specifically support policy or broader systemic incentives for collaboration. The focus is primarily on the scientific findings rather than the implications of these partnerships on policy support or reward systems, which prevents a higher score."
10.1007_s00125-015-3766-6.pdf,cross_disciplinary_team_science_rubric,T1,1,"The publication demonstrates some elements of interdisciplinary collaboration, as indicated by the involvement of multiple authors with different roles in the research process (designing, drafting, acquiring, analyzing, and interpreting data). However, the text does not provide explicit evidence of a cross-disciplinary team or multi-professional collaboration across different fields, which would be necessary for a higher score. The focus appears to be primarily on a specific area of renal disease research without clear integration of diverse disciplinary perspectives."
10.1007_s00125-015-3766-6.pdf,cross_disciplinary_team_science_rubric,T2,1,"The publication demonstrates some elements of knowledge integration and a holistic approach, particularly in the discussion of podocytes and their role in renal disease. The authors explore various stimuli affecting podocyte function and the implications for therapeutic targets, indicating an understanding of the interconnectedness of immune responses and kidney function. However, the integration of knowledge across multiple disciplines (e.g., immunology, nephrology, molecular biology) is not fully realized, as the focus remains primarily on specific mechanisms rather than a broader interdisciplinary synthesis. Thus, while there is evidence of a holistic approach, it does not fully meet the criteria for a higher score."
10.1007_s00125-015-3766-6.pdf,cross_disciplinary_team_science_rubric,T3,1,"The publication demonstrates some aspects of team leadership and shared resources, as indicated by the contribution statement where multiple authors collaborated in designing, drafting, and revising the article. However, there is limited information on team policies or structured team dynamics, which would be necessary for a higher score. The involvement of various authors suggests a collaborative effort, but the details on how resources were shared or managed within the team are not explicitly mentioned. Thus, it meets the criteria for a score of 1, indicating partial implementation of the subcategory."
10.1007_s00125-015-3766-6.pdf,generalizable_solutions_rubric,G1,0,"The publication does not address any bottlenecks, roadblocks, or operational challenges related to the implementation of generalizable solutions in the context of multiple projects. The focus is primarily on the mechanisms of podocyte function and the implications for renal disease treatment, without discussing broader operational challenges or how findings might be generalized across different projects or contexts."
10.1007_s00125-015-3766-6.pdf,generalizable_solutions_rubric,G2,1,"The publication discusses mechanisms related to podocyte function and the role of B7-1 in kidney disease, suggesting potential therapeutic targets that could be relevant across a range of conditions. However, while it hints at broader implications for treatment strategies, it does not explicitly provide common solutions applicable across multiple diseases or a comprehensive exploration of generalizable solutions. Thus, it partially meets the criteria for generalizability but lacks sufficient evidence to score higher."
10.1007_s00125-015-3766-6.pdf,generalizable_solutions_rubric,G3,0,"The publication does not demonstrate the principle of generalizable solutions in the context of shared resources, policies, or organizational environment. The focus is primarily on specific biological mechanisms and therapeutic targets related to podocytes and renal disease, without addressing broader implications or applications that could be generalized across different contexts or organizations. There is no mention of shared resources or policies that could facilitate the implementation of findings in a wider organizational or healthcare setting."
10.18632_oncotarget.27983.pdf,bold_rigorous_research_approaches_rubric,R1,2,"The research publication demonstrates an ambitious and high-risk approach by investigating the genomic cooperativity between Ras and p53 alterations in gastrointestinal malignancies. The study aims to uncover novel therapeutic strategies by exploring the molecular events that drive immune evasion and therapeutic resistance, which could lead to major advances in treatment for difficult-to-treat cancers. The use of sophisticated methodologies, such as extremes-of-survivorship analysis and genetically-engineered mouse models, further supports the boldness and rigor of the research. The findings indicate a paradigm shift in understanding the role of Ras-p53 cooperativity in cancer biology, highlighting its clinical relevance and potential for significant impact in the field."
10.18632_oncotarget.27983.pdf,bold_rigorous_research_approaches_rubric,R2,2,"The publication demonstrates rigorous methods through the use of a well-defined methodology that includes the extremes-of-survivorship approach, which provides robust statistical evidence for the significance of Ras-p53 cooperativity in GI malignancies. The research is reproducible, as it references multiple studies and databases (e.g., MSKCC, TCGA) that corroborate its findings. Additionally, the data is presented in a manner that aligns with the FAIR principles, as it utilizes publicly available datasets to support its conclusions. Overall, the approach is thorough and methodologically sound, fulfilling the criteria for this rubric subcategory."
10.18632_oncotarget.27983.pdf,bold_rigorous_research_approaches_rubric,R3,2,"The research publication demonstrates a high level of rigor in its approach by utilizing a comprehensive methodology that includes genomic analysis, patient data, and sophisticated models to explore the implications of Ras-p53 cooperativity in gastrointestinal malignancies. The findings are supported by multiple published studies and databases, indicating reproducibility and the sharing of data. The research addresses high-reward questions related to cancer prognosis and treatment resistance, and it employs rigorous testing of hypotheses through statistical analysis and validation across different patient cohorts. Overall, the publication exemplifies the principles of bold and rigorous research approaches."
10.18632_oncotarget.27983.pdf,boundary_crossing_partnerships_rubric,B1,0,"The publication does not demonstrate the principle of 'boundary_crossing_partnerships_rubric' in subcategory 'B1' as it lacks evidence of cross-sector partnerships or industry-academia collaboration. The focus is primarily on genomic cooperativity in cancer research without any mention of collaboration with industry or other sectors. The methodology and findings are centered on academic research and clinical implications, but there is no indication of partnerships that cross traditional boundaries between academia and industry."
10.18632_oncotarget.27983.pdf,boundary_crossing_partnerships_rubric,B2,0,"The provided sections focus primarily on the genomic cooperativity between Ras and p53 alterations in gastrointestinal malignancies, detailing their prognostic relevance and implications for therapeutic strategies. However, there is no mention of community engagement, patient involvement, or collaborative research efforts that would indicate a boundary-crossing partnership. The research appears to be conducted in a traditional academic context without evidence of active collaboration with community stakeholders or patients, which is essential for scoring in this subcategory."
10.18632_oncotarget.27983.pdf,boundary_crossing_partnerships_rubric,B3,0,"The provided sections do not demonstrate any evidence of partnership incentives, reward systems, or policy support related to the research. The focus is primarily on the genomic cooperativity between Ras and p53 alterations in gastrointestinal malignancies, without any mention of collaborative partnerships or systems that incentivize or support such research efforts. Therefore, it does not meet the criteria for subcategory B3 of the boundary-crossing partnerships rubric."
10.18632_oncotarget.27983.pdf,cross_disciplinary_team_science_rubric,T1,1,"The publication demonstrates some elements of interdisciplinary and cross-field collaboration, particularly in its integration of genomic data and clinical outcomes related to Ras and p53 mutations in gastrointestinal malignancies. However, it primarily focuses on a specific area of cancer research without clear evidence of a multi-professional or interdisciplinary team approach. While the research utilizes data from various sources (e.g., TCGA, MSKCC), it does not explicitly mention collaboration across different professional fields or disciplines, which limits its score to a 1 rather than a 2."
10.18632_oncotarget.27983.pdf,cross_disciplinary_team_science_rubric,T2,2,"The publication demonstrates a strong integration of knowledge across multiple disciplines, including genomics, immunology, and oncology. The authors employ a holistic approach by examining the cooperative interactions between Ras and p53 mutations and their implications for tumor biology and therapeutic resistance in gastrointestinal malignancies. The methodology described reveals a comprehensive understanding of how these genetic alterations influence immune signaling and cancer progression, indicating effective knowledge integration. The research not only highlights the oncological significance of Ras-p53 cooperativity but also its clinical relevance, suggesting potential therapeutic strategies. This aligns well with the principles of cross-disciplinary team science, particularly in the context of T2, which emphasizes the importance of a holistic approach to complex biological questions."
10.18632_oncotarget.27983.pdf,cross_disciplinary_team_science_rubric,T3,0,"The provided sections do not demonstrate evidence of team leadership, shared resources, or team policies, which are the key components of the 'T3' subcategory in the cross-disciplinary team science rubric. The focus is primarily on the research findings and methodologies without any mention of collaborative efforts, resource sharing, or structured team dynamics."
10.18632_oncotarget.27983.pdf,generalizable_solutions_rubric,G1,2,"The publication demonstrates a clear understanding of the operational challenges and bottlenecks associated with Ras-p53 cooperativity in gastrointestinal malignancies. It discusses the implications of these genomic alterations on therapeutic resistance and survival outcomes, indicating that the findings are relevant across multiple projects and contexts. The research highlights the frequent occurrence of Ras-p53 mutations in colorectal cancers and their association with aggressive disease, which suggests that the solutions derived from this research could be generalizable to other related malignancies. The methodology and findings are robust, providing insights that could inform future therapeutic strategies, thus fulfilling the criteria for generalizable solutions."
10.18632_oncotarget.27983.pdf,generalizable_solutions_rubric,G2,2,"The publication demonstrates the principle of generalizable solutions by highlighting the genomic cooperativity between Ras and p53 alterations across various gastrointestinal malignancies, particularly colorectal and pancreatic cancers. The findings indicate that these mutations are not only prevalent in colorectal cancer but also significantly associated with poor outcomes in other GI cancers, suggesting common solutions and mechanisms that could be applicable across a range of conditions. The research emphasizes the potential for developing novel therapeutic strategies based on these shared molecular events, thus fulfilling the criteria for generalizability in the context of cancer treatment."
10.18632_oncotarget.27983.pdf,generalizable_solutions_rubric,G3,2,"The publication demonstrates a clear understanding of the shared resources and policies related to genomic cooperativity between Ras and p53 alterations in gastrointestinal malignancies. It discusses the implications of these findings for therapeutic strategies, indicating a broader organizational environment that could benefit from this research. The data presented not only highlights the significance of Ras-p53 cooperativity in colorectal cancers but also extends its relevance to other gastrointestinal cancers, suggesting that the insights gained could be generalized across different contexts within the field. This aligns well with the principles of generalizable solutions, as the findings have potential applications in developing novel therapeutic strategies and understanding cancer biology more broadly."
10.1371_journal.pone.0029114.pdf,bold_rigorous_research_approaches_rubric,R1,1,"The research demonstrates some ambitious research approaches by investigating the selection processes in immunoglobulin genes associated with ocular adnexal marginal zone lymphomas. The use of multinomial and focused binomial models indicates a rigorous methodology, although the potential limitations mentioned suggest that the research may not fully embrace high-risk or paradigm-shifting elements. The findings regarding recurrent mutations in the CDR regions show a degree of innovation, but they do not clearly indicate a major advance in the field, which is necessary for a higher score. Thus, while the research is ambitious and rigorous, it falls short of demonstrating a full paradigm shift or high-risk approach, justifying a score of 1."
10.1371_journal.pone.0029114.pdf,bold_rigorous_research_approaches_rubric,R2,1,"The publication demonstrates some rigorous methods, particularly through the use of the Multinomial and Focused binomial tests for selection analysis, which indicates an attempt to apply robust statistical approaches. However, it also acknowledges potential limitations in these methods, particularly the underestimation of positive selection in the CDR regions by the Focused binomial test. While there is evidence of systematic analysis and some reproducibility in the findings, the mention of limitations suggests that the methods may not fully meet the highest standards of rigor and robustness expected for a score of 2. Additionally, there is no explicit mention of FAIR data principles in the provided sections."
10.1371_journal.pone.0029114.pdf,bold_rigorous_research_approaches_rubric,R3,1,"The publication demonstrates some elements of rigorous research approaches, particularly in the use of statistical models (Multinomial and Focused binomial tests) to analyze selection in immunoglobulin genes. However, it acknowledges potential limitations in the methods used, such as the underestimation of positive selection in the CDR regions by the Focused binomial test. While there is evidence of rigorous testing and analysis, the lack of comprehensive data sharing and reproducibility measures limits the score to a 1 rather than a 2. The research shows promise in high-reward areas but does not fully meet the criteria for robust reproducibility and data sharing."
10.1371_journal.pone.0029114.pdf,boundary_crossing_partnerships_rubric,B1,0,"The provided sections do not demonstrate any evidence of cross-sector partnerships, industry-academia collaboration, or partnerships that would align with the principle of 'boundary_crossing_partnerships_rubric' subcategory 'B1'. The content focuses solely on molecular analysis and selection processes in a specific research context without mentioning collaborations or partnerships with industry or other sectors."
10.1371_journal.pone.0029114.pdf,boundary_crossing_partnerships_rubric,B2,0,"The provided sections do not demonstrate any evidence of community engagement, patient involvement, or collaborative research. The focus is primarily on molecular analysis and statistical methods related to antigen selection in tumors, without any mention of collaboration with community members or patients in the research process. Therefore, it does not meet the criteria for the 'boundary_crossing_partnerships_rubric' subcategory 'B2'."
10.1371_journal.pone.0029114.pdf,boundary_crossing_partnerships_rubric,B3,0,"The relevant sections do not provide any information regarding partnership incentives, reward systems, or policy support, which are the key components of the subcategory 'B3' in the 'boundary_crossing_partnerships_rubric'. The focus is primarily on the methods and results of a scientific analysis without any mention of collaborative efforts or incentives that would indicate a partnership framework."
10.1371_journal.pone.0029114.pdf,cross_disciplinary_team_science_rubric,T1,0,"The provided sections do not demonstrate evidence of interdisciplinary, multi-professional, or cross-field collaboration. The focus is primarily on molecular analysis and selection processes within a specific biological context, without indication of contributions or integration from diverse fields or professions. There is no mention of collaboration with experts from other disciplines, which is essential for scoring in this subcategory."
10.1371_journal.pone.0029114.pdf,cross_disciplinary_team_science_rubric,T2,1,"The publication demonstrates some elements of knowledge integration and a holistic approach, particularly in the analysis of recurrent mutations in the CDR regions and their implications for tumor-derived immunoglobulin. However, the integration of knowledge across different disciplines or a comprehensive holistic approach is not fully evident in the provided sections. The focus remains primarily on specific molecular analyses without a clear indication of interdisciplinary collaboration or broader contextual integration. Thus, it meets the criteria to a limited extent, justifying a score of 1."
10.1371_journal.pone.0029114.pdf,cross_disciplinary_team_science_rubric,T3,0,"The provided sections do not demonstrate evidence of team leadership, shared resources, or team policies, which are essential components of the 'T3' subcategory of the 'cross_disciplinary_team_science_rubric'. The text primarily focuses on the methods and results of a specific study without mentioning any collaborative efforts, resource sharing, or policies that would indicate a cross-disciplinary team approach."
10.1371_journal.pone.0029114.pdf,generalizable_solutions_rubric,G1,1,"The publication discusses specific operational challenges related to the methods used in the analysis of antigen selection, particularly highlighting the limitations of the Focused binomial test in underestimating positive selection in CDR regions. However, it does not explicitly address bottlenecks or roadblocks encountered in the research process or how these challenges might affect the generalizability of the findings across multiple projects. The focus is primarily on the methodology and results rather than on broader implications or solutions to operational challenges, which limits the score to 1."
10.1371_journal.pone.0029114.pdf,generalizable_solutions_rubric,G2,1,"The publication discusses specific mutations in the CDR regions of immunoglobulin genes across a limited set of tumors (Ocular Adnexal Extranodal Marginal Zone Lymphomas). While it identifies recurrent mutations and suggests a potential commonality in mutation patterns, it does not explicitly demonstrate solutions that are generalizable across a wide range of diseases or conditions. The focus remains narrow, primarily on the specific context of the studied tumors, which limits the applicability of the findings to other diseases or conditions. Thus, it partially meets the criteria for generalizable solutions but does not fully satisfy the requirements for a higher score."
10.1371_journal.pone.0029114.pdf,generalizable_solutions_rubric,G3,0,"The publication does not demonstrate the principle of generalizable solutions in the context of shared resources, policies, or organizational environment. The focus of the research is on specific mutations in immunoglobulin heavy variable (IGHV) genes related to ocular adnexal marginal zone lymphomas, without addressing broader implications or applications that could be generalized to other contexts or settings. There is no mention of shared resources or policies that could facilitate the application of findings beyond the specific study population."
10.1017_cts.2017.301.pdf,bold_rigorous_research_approaches_rubric,R1,1,"The research publication demonstrates some elements of ambitious research and high-risk approaches by exploring the use of electronic health records (EHRs) for recruitment, which is a relatively novel area with potential for major advances in clinical research. However, while the study identifies current practices and proposes future directions, it does not clearly indicate a paradigm shift or a highly ambitious approach that would warrant a score of 2. The focus on surveying existing practices suggests a more cautious exploration rather than a bold, high-risk initiative."
10.1017_cts.2017.301.pdf,bold_rigorous_research_approaches_rubric,R2,2,"The publication demonstrates rigorous methods through the development and implementation of a comprehensive survey to assess current practices in EHR-based recruitment across multiple institutions. The use of a structured questionnaire, the involvement of a multidisciplinary workgroup, and the analysis of both quantitative and qualitative data indicate a robust approach to data collection and analysis. Additionally, the survey's design allows for reproducibility, as it can be replicated in other contexts or studies. The mention of Institutional Review Board (IRB) exemption also suggests adherence to ethical standards in research. Overall, the methods employed align well with the principles of rigorous research, reproducibility, and robust approaches."
10.1017_cts.2017.301.pdf,bold_rigorous_research_approaches_rubric,R3,2,"The publication demonstrates a rigorous approach to research by employing a well-structured survey to gather data on current practices in EHR-based recruitment across multiple institutions. The methods section outlines a clear process for data collection, including the use of a validated tool (REDCap) and a comprehensive analysis of both quantitative and qualitative data. The high response rate (over 98%) from the Clinical and Translational Science Award Consortium indicates a strong commitment to reproducibility and sharing data. Additionally, the workgroup's focus on identifying and proposing future directions for EHR use in recruitment reflects a high-reward research approach aimed at improving clinical research practices. Overall, the methods employed are thorough and demonstrate a commitment to rigorous testing and evaluation of current practices."
10.1017_cts.2017.301.pdf,boundary_crossing_partnerships_rubric,B1,2,"The publication demonstrates a clear cross-sector partnership through the formation of a multidisciplinary workgroup that includes various institutions and organizations involved in clinical and translational science. The collaboration spans multiple universities and centers, indicating a strong industry-academia collaboration. The methods section outlines a systematic approach to gathering data on EHR-based recruitment practices across these institutions, showcasing the integration of diverse expertise and resources. This aligns well with the principles of boundary-crossing partnerships, fulfilling the criteria for a score of 2."
10.1017_cts.2017.301.pdf,boundary_crossing_partnerships_rubric,B2,1,"The publication demonstrates some level of community engagement and patient involvement through the formation of a multidisciplinary workgroup and the survey conducted among Clinical and Translational Science Award Consortium members. However, while there is evidence of collaborative research efforts, the actual implementation of patient portals for notifying patients about research opportunities is reported as low (only 20% fully operational), indicating limited engagement. Therefore, it does not fully meet the criteria for a higher score."
10.1017_cts.2017.301.pdf,boundary_crossing_partnerships_rubric,B3,1,"The publication discusses the formation of a multidisciplinary workgroup and the survey conducted among Clinical and Translational Science Award Consortium members to assess current practices in using electronic health records (EHRs) for research recruitment. While it highlights the implementation of various informatics methods and acknowledges the demand for these tools, it does not provide specific details on partnership incentives, reward systems, or policy support that would fully demonstrate the subcategory 'B3' of the rubric. The evidence suggests some level of collaboration and interest, but it lacks comprehensive support for the principles outlined in the rubric."
10.1017_cts.2017.301.pdf,cross_disciplinary_team_science_rubric,T1,2,"The publication clearly demonstrates the principle of cross-disciplinary team science by involving a multidisciplinary workgroup composed of members from various institutions and fields, including public health, biomedical ethics, and informatics. The collaborative effort to survey and analyze current practices in the use of electronic health records (EHRs) for research recruitment exemplifies an interdisciplinary approach. The workgroup's composition and the collective effort to address a complex issue through diverse expertise align well with the keywords of interdisciplinary, multi-professional, and cross-field collaboration."
10.1017_cts.2017.301.pdf,cross_disciplinary_team_science_rubric,T2,2,"The publication demonstrates a strong commitment to knowledge integration and a holistic approach through the formation of a multidisciplinary workgroup that includes various institutions and expertise in the use of electronic health records (EHRs) for research recruitment. The methods section outlines a comprehensive survey that collects data on current practices and regulatory processes, indicating a collaborative effort to understand and improve EHR-based recruitment strategies. The involvement of multiple institutions and the integration of diverse informatics practices reflect a thorough approach to addressing the complexities of recruitment in clinical research, aligning well with the principles of cross-disciplinary team science."
10.1017_cts.2017.301.pdf,cross_disciplinary_team_science_rubric,T3,2,"The publication demonstrates strong evidence of team leadership, shared resources, and team policies through the formation of a multidisciplinary workgroup that included various institutions and expertise. The collaborative effort to survey consortium members about EHR-based recruitment practices indicates effective team leadership and shared resources. Additionally, the structured approach to data collection and analysis reflects established team policies that guide the research process. The involvement of multiple institutions and the emphasis on collaboration further support the implementation of the T3 subcategory of the rubric."
10.1017_cts.2017.301.pdf,generalizable_solutions_rubric,G1,1,"The publication discusses the operational challenges and bottlenecks faced by institutions in implementing EHR-based recruitment methods, highlighting the varied levels of implementation and demand across different sites. While it provides insights into the current practices and challenges, it does not fully address how these findings can be generalized to multiple projects or provide comprehensive solutions to overcome the identified roadblocks. Therefore, it demonstrates some understanding of the principle but lacks a complete generalizable solution."
10.1017_cts.2017.301.pdf,generalizable_solutions_rubric,G2,1,"The publication discusses the use of electronic health records (EHRs) for recruitment across various institutions, indicating that there are common practices being implemented. However, it primarily focuses on the specific context of the Clinical and Translational Science Award Consortium and does not provide evidence of solutions that are generalizable across a wide range of diseases or conditions. While it mentions the implementation of certain methods and tools, it lacks a comprehensive exploration of how these solutions can be applied broadly across different diseases, which is necessary for a higher score."
10.1017_cts.2017.301.pdf,generalizable_solutions_rubric,G3,1,"The publication discusses the use of electronic health records (EHRs) for recruitment and highlights the varying levels of implementation and demand for these tools across institutions. While it provides insights into current practices and identifies some shared resources and policies, it does not fully demonstrate a comprehensive organizational environment that supports generalizable solutions. The data collected reflects a range of practices but lacks a clear framework or policy recommendations that could be broadly applied across different organizations. Thus, it meets the criteria for a score of 1, indicating partial implementation of the principle."
10.1038_s41467-018-07867-7.pdf,bold_rigorous_research_approaches_rubric,R1,2,"The research publication demonstrates an ambitious and rigorous approach by significantly expanding the sample size for GWAS of kidney function, which is a high-risk endeavor that could lead to major advances in understanding genetic contributions to kidney function across diverse populations. The study employs a trans-ethnic meta-analysis, identifies novel loci associated with eGFR, and investigates genetic heterogeneity across populations, indicating a paradigm shift in the understanding of kidney function genetics. The use of advanced statistical methods and the exploration of complex genetic architectures further support the boldness and rigor of the research approach."
10.1038_s41467-018-07867-7.pdf,bold_rigorous_research_approaches_rubric,R2,2,"The research publication demonstrates rigorous methods through a comprehensive approach that includes a large and diverse sample size, trans-ethnic meta-analysis, and robust statistical power calculations. The use of multiple sources for GWAS data, quality control measures, and advanced analytical techniques (e.g., LD Score regression, MR-MEGA for meta-regression) indicates a commitment to reproducibility and robust research practices. Additionally, the study adheres to FAIR data principles by utilizing publicly available datasets and providing detailed methods for analysis, which enhances the reproducibility of the findings. Overall, the methods employed are thorough and well-justified, fulfilling the criteria for rigorous research approaches."
10.1038_s41467-018-07867-7.pdf,bold_rigorous_research_approaches_rubric,R3,2,"The research publication demonstrates a rigorous approach to high-reward research by employing a comprehensive trans-ethnic meta-analysis that significantly increases the sample size and power to detect associations with eGFR. The methods include rigorous testing of genetic associations across diverse populations, ensuring reproducibility and robustness of findings. The study also shares data through detailed reporting of methods and results, which enhances transparency and allows for further validation by other researchers. The use of advanced statistical techniques, such as LD Score regression and meta-regression, indicates a thorough and methodologically sound approach to understanding genetic contributions to kidney function. Overall, the publication exemplifies the principles of rigorous testing and reproducibility in high-reward research."
10.1038_s41467-018-07867-7.pdf,boundary_crossing_partnerships_rubric,B1,0,The provided sections do not demonstrate evidence of cross-sector partnerships or industry-academia collaboration. The focus is primarily on genetic analysis and meta-regression methods without any mention of partnerships with industry or other sectors. There is no indication of collaboration that would align with the principles of boundary-crossing partnerships as outlined in the rubric.
10.1038_s41467-018-07867-7.pdf,boundary_crossing_partnerships_rubric,B2,0,"The provided sections do not demonstrate community engagement, patient involvement, or collaborative research. The focus is primarily on genetic analysis and statistical methods without any mention of partnerships with communities or patients, nor any collaborative efforts that would involve stakeholders in the research process. Therefore, it does not meet the criteria for the 'boundary_crossing_partnerships_rubric' subcategory 'B2'."
10.1038_s41467-018-07867-7.pdf,boundary_crossing_partnerships_rubric,B3,0,"The relevant sections do not provide evidence of partnership incentives, reward systems, or policy support, which are key components of the 'boundary_crossing_partnerships_rubric' subcategory 'B3'. The focus is primarily on the methods and results of genetic association studies without any mention of collaborative partnerships or incentives that would facilitate cross-boundary research efforts."
10.1038_s41467-018-07867-7.pdf,cross_disciplinary_team_science_rubric,T1,2,"The research publication demonstrates a strong implementation of the 'cross_disciplinary_team_science_rubric' subcategory 'T1' by incorporating diverse populations and methodologies from multiple sources, including the COGENT-Kidney Consortium, CKDGen Consortium, and Biobank Japan Project. The study employs trans-ethnic meta-analysis, which reflects interdisciplinary collaboration across different fields of genetics and population studies. The focus on genetic contributions to kidney function across various ancestries indicates a multi-professional approach, integrating insights from different ethnic backgrounds and genetic research, thus fulfilling the criteria for interdisciplinary and cross-field collaboration."
10.1038_s41467-018-07867-7.pdf,cross_disciplinary_team_science_rubric,T2,2,"The publication demonstrates a strong integration of knowledge across diverse populations and methodologies, reflecting a holistic approach to understanding genetic contributions to kidney function. The use of trans-ethnic meta-analysis to aggregate data from multiple ancestry groups and the investigation of genetic heterogeneity across these populations exemplify effective knowledge integration. Additionally, the study's focus on shared causal variants across global populations indicates a comprehensive understanding of the genetic architecture of eGFR, aligning well with the principles of cross-disciplinary team science."
10.1038_s41467-018-07867-7.pdf,cross_disciplinary_team_science_rubric,T3,1,"The publication demonstrates some aspects of team science, particularly in the use of shared resources and collaboration across diverse populations through the COGENT-Kidney Consortium and other consortia. However, there is limited information on team leadership and specific team policies, which are crucial for a higher score. The focus on trans-ethnic meta-analysis indicates a collaborative effort, but the details on how the team is organized or led are not provided, preventing a full demonstration of the subcategory 'T3'."
10.1038_s41467-018-07867-7.pdf,generalizable_solutions_rubric,G1,2,"The publication demonstrates a clear understanding of generalizable solutions by addressing operational challenges in genetic research across diverse populations. It identifies bottlenecks and roadblocks in previous studies by expanding the sample size and including multiple ethnic groups, which enhances the generalizability of the findings. The use of trans-ethnic meta-analysis and the investigation of genetic contributions to ethnic differences in CKD prevalence indicate a robust approach to overcoming challenges in the field. The study's methodology and results suggest that the solutions proposed can be applied to similar research contexts, fulfilling the criteria for this subcategory."
10.1038_s41467-018-07867-7.pdf,generalizable_solutions_rubric,G2,2,"The research publication demonstrates the principle of generalizable solutions across diseases and conditions by employing a trans-ethnic meta-analysis that includes diverse populations (Hispanic/Latino, European, and East Asian ancestries). The study identifies common genetic loci associated with kidney function (eGFR) that are shared across these populations, indicating that the findings are not ancestry-specific. The analysis reveals that causal variants for eGFR are likely shared globally, supporting the idea of common solutions applicable across a range of conditions related to kidney function. This broad applicability and the focus on common genetic factors across different ethnicities fulfill the criteria for a score of 2 in the 'G2' subcategory."
10.1038_s41467-018-07867-7.pdf,generalizable_solutions_rubric,G3,2,"The research publication demonstrates the principle of generalizable solutions by utilizing shared resources and policies across diverse populations in its methodology. The study employs a trans-ethnic meta-analysis that aggregates data from multiple sources, including individuals of different ancestries, which indicates an organizational environment that supports collaboration and resource sharing. The findings suggest that causal variants for kidney function are shared across global populations, reinforcing the generalizability of the results. This aligns well with the rubric's focus on shared resources and organizational policies, thus warranting a score of 2."
10.1038_s43856-025-00827-5.pdf,bold_rigorous_research_approaches_rubric,R1,2,"The research publication demonstrates an ambitious approach by leveraging a large dataset of 6.5 million adult patients and employing machine learning-driven computable phenotypes (CPs) to analyze complex conditions like PASC and ME/CFS. This methodology represents a paradigm shift in understanding these conditions through data-driven insights rather than traditional diagnostic methods. The study aims for major advances in the field by identifying and comparing data-driven phenotypes, which could lead to more precise diagnostic criteria and targeted therapeutic approaches. The high-risk nature of the research is evident in its reliance on electronic health record data, which may have limitations and uncertainties, yet the potential for significant contributions to medical knowledge justifies this risk. Overall, the publication embodies the principles of bold and rigorous research approaches."
10.1038_s43856-025-00827-5.pdf,bold_rigorous_research_approaches_rubric,R2,2,"The research publication demonstrates rigorous methods by utilizing a large dataset from the National COVID Cohort Collaborative, which enhances the robustness of the findings. The use of machine learning-driven computable phenotypes (CPs) to analyze electronic health record data indicates a sophisticated and reproducible approach to identifying and comparing PASC and ME/CFS phenotypes. The study also acknowledges limitations and employs data-driven methods to derive condition clusters, which aligns with the principles of reproducibility and robust research approaches. Furthermore, the integration and harmonization of data from multiple health partners reflect adherence to FAIR data principles, ensuring that the data is findable, accessible, interoperable, and reusable. Overall, the methods employed are rigorous and well-justified, warranting a score of 2."
10.1038_s43856-025-00827-5.pdf,bold_rigorous_research_approaches_rubric,R3,2,"The research publication demonstrates a rigorous approach by utilizing a large dataset from the National COVID Cohort Collaborative, which enhances the potential for high-reward research. The methods employed include machine learning-driven computable phenotypes (CPs) that are based on electronic health record (EHR) data, indicating a commitment to reproducibility and rigorous testing. The study also acknowledges limitations and strives to derive meaningful insights from the data, which reflects a thorough and methodical approach to research. Additionally, the integration and harmonization of data from multiple health partners further support the robustness of the findings. Overall, the publication exemplifies the principles of bold and rigorous research approaches."
10.1038_s43856-025-00827-5.pdf,boundary_crossing_partnerships_rubric,B1,2,"The research publication demonstrates a strong implementation of the principle of boundary-crossing partnerships, particularly in the context of industry-academia collaboration. The study utilizes data from the National COVID Cohort Collaborative (N3C), which involves multiple health partners, indicating a cross-sector partnership. The collaboration with the NIH RECOVER Initiative further emphasizes the integration of academic research with health industry data, showcasing a clear partnership aimed at addressing complex health conditions like PASC and ME/CFS. The methods employed leverage diverse data sources and analytic techniques developed through these partnerships, highlighting the collaborative effort to enhance understanding and management of these conditions."
10.1038_s43856-025-00827-5.pdf,boundary_crossing_partnerships_rubric,B2,0,"The publication does not demonstrate the principle of 'boundary_crossing_partnerships_rubric' in the subcategory 'B2' as it lacks evidence of community engagement, patient involvement, or collaborative research. The methods described focus primarily on data analysis from electronic health records without indicating any active participation or collaboration with patients or community stakeholders in the research process. There is no mention of how patients or community members were involved in shaping the research questions, methods, or dissemination of findings."
10.1038_s43856-025-00827-5.pdf,boundary_crossing_partnerships_rubric,B3,0,"The publication does not demonstrate the principle of 'boundary_crossing_partnerships_rubric' in subcategory 'B3'. There is no mention of partnership incentives, reward systems, or policy support within the provided sections. The focus is primarily on the analysis of electronic health record data and the development of machine learning-driven computable phenotypes, without any indication of collaborative partnerships or incentives that would align with the rubric's criteria."
10.1038_s43856-025-00827-5.pdf,cross_disciplinary_team_science_rubric,T1,2,"The research publication demonstrates a strong implementation of the 'cross_disciplinary_team_science_rubric' subcategory 'T1' by utilizing a collaborative approach that integrates electronic health record data from multiple health partners. The study employs machine learning techniques to analyze complex health conditions (PASC and ME/CFS), indicating an interdisciplinary effort that combines expertise from fields such as data science, medicine, and public health. The involvement of the NIH RECOVER Initiative further emphasizes the multi-professional nature of the research, as it seeks to enhance understanding and management of these conditions through a comprehensive, data-driven methodology. The integration of diverse data sources and analytical methods reflects a commitment to cross-field collaboration, fulfilling the criteria for a high score in this rubric."
10.1038_s43856-025-00827-5.pdf,cross_disciplinary_team_science_rubric,T2,2,"The research publication demonstrates a strong integration of knowledge across disciplines by utilizing electronic health record data from a large cohort to develop machine learning-driven computable phenotypes for PASC and ME/CFS. The methods employed reflect a holistic approach, as they not only analyze the overlap and differences between the two conditions but also aim to enhance understanding and management of these complex health issues. The integration of diverse data sources and the application of advanced analytic techniques indicate a comprehensive effort to address the multifaceted nature of the conditions studied, fulfilling the criteria for the 'cross_disciplinary_team_science_rubric' subcategory 'T2'."
10.1038_s43856-025-00827-5.pdf,cross_disciplinary_team_science_rubric,T3,1,"The publication demonstrates some aspects of the 'T3' subcategory of the 'cross_disciplinary_team_science_rubric' by indicating collaboration through the use of shared resources, specifically the National COVID Cohort Collaborative (N3C) data, which integrates contributions from multiple health partners. However, there is limited information on team leadership and team policies, which are also key components of this subcategory. The focus is primarily on data analysis and methodology rather than explicit team dynamics or leadership structures, resulting in a score of 1 for partial implementation."
10.1038_s43856-025-00827-5.pdf,generalizable_solutions_rubric,G1,1,"The publication discusses the use of electronic health record (EHR) data to analyze and compare the phenotypes of PASC and ME/CFS, highlighting operational challenges such as data quality concerns and the limitations of EHR documentation. While it identifies some bottlenecks in accurately estimating overlap between patient groups and acknowledges the need for standardized methods, it does not provide a comprehensive exploration of multiple projects or detailed operational challenges faced during the research. Therefore, it partially meets the criteria for generalizable solutions but lacks depth in addressing broader operational challenges."
10.1038_s43856-025-00827-5.pdf,generalizable_solutions_rubric,G2,2,"The research publication demonstrates the principle of generalizable solutions by analyzing electronic health record data from a large and diverse patient population (6.5 million adults) and identifying common predictive conditions for both PASC and ME/CFS. The study highlights substantial overlap in condition records associated with these two diagnostic groups, indicating that the findings may be applicable across different diseases. The use of machine learning-driven computable phenotypes (CPs) to derive condition clusters further supports the development of common solutions that could enhance understanding and management of these conditions across a range of patients. The emphasis on data-driven methods and the integration of heterogeneous data sources also contribute to the generalizability of the findings."
10.1038_s43856-025-00827-5.pdf,generalizable_solutions_rubric,G3,1,"The research publication demonstrates some aspects of the 'generalizable_solutions_rubric' subcategory 'G3' by utilizing shared resources, specifically the National COVID Cohort Collaborative (N3C) data, which integrates electronic health records from multiple health partners. This collaborative approach allows for a broader analysis of patient data, enhancing the potential for generalizable findings. However, while the study discusses the organizational environment of data collection and analysis, it does not explicitly address policies that could facilitate the implementation of findings across different settings. Therefore, it partially meets the criteria for this subcategory."
10.21203_rs.3.rs-3895330_v1.pdf,bold_rigorous_research_approaches_rubric,R1,1,"The research publication demonstrates some elements of ambitious research by investigating the prediction of consciousness recovery in comatose TBI patients using advanced EEG analysis techniques and machine learning (Support Vector Machine). However, it does not clearly indicate a paradigm shift or high-risk approach, as it is a retrospective study that relies on existing data and established methodologies. While the study aims for major advances in understanding consciousness recovery, it does not fully embody the boldness or high-risk nature typically associated with a score of 2."
10.21203_rs.3.rs-3895330_v1.pdf,bold_rigorous_research_approaches_rubric,R2,2,"The research publication demonstrates rigorous methods through a well-defined retrospective study design, utilizing a comprehensive data collection process that adheres to established protocols (e.g., National Institute of Neurological Disorders and Stroke Common Data Elements for TBI). The use of advanced analytical techniques, such as Support Vector Machine for predicting consciousness recovery, indicates a robust approach. The data collection and analysis methods are reproducible, and the study ensures data integrity by using a secure database (REDCap) and appropriate filtering techniques for EEG data. Additionally, the study's outcomes are clearly defined and relevant to the research question, supporting the principles of reproducibility and rigorous methodology. Overall, the publication meets the criteria for the 'bold_rigorous_research_approaches_rubric' subcategory R2 effectively."
10.21203_rs.3.rs-3895330_v1.pdf,bold_rigorous_research_approaches_rubric,R3,2,"The research publication demonstrates a rigorous approach to data collection and analysis, utilizing a comprehensive set of clinical, imaging, and EEG data to evaluate consciousness recovery in TBI patients. The methods employed, including the use of established data collection protocols (National Institute of Neurological Disorders and Stroke Common Data Elements) and advanced analytical techniques (Support Vector Machine), indicate a high level of rigor. The study also emphasizes reproducibility by using standardized measures for outcomes (GOS-E) and ensuring data integrity through careful EEG analysis. Furthermore, the retrospective nature of the study allows for the potential sharing of data and findings, contributing to high-reward research in the field of TBI. Overall, the publication aligns well with the principles of bold and rigorous research approaches."
10.21203_rs.3.rs-3895330_v1.pdf,boundary_crossing_partnerships_rubric,B1,0,The publication does not demonstrate the principle of 'boundary_crossing_partnerships_rubric' in subcategory 'B1'. There is no evidence of cross-sector partnerships or industry-academia collaboration in the methods described. The study appears to be conducted solely within a single institution (Jackson Memorial Hospital/Ryder Trauma Center) and does not mention any collaboration with industry or other sectors. The focus is primarily on clinical data collection and analysis without any indication of partnerships that would involve multiple sectors.
10.21203_rs.3.rs-3895330_v1.pdf,boundary_crossing_partnerships_rubric,B2,0,"The provided sections do not demonstrate any evidence of community engagement, patient involvement, or collaborative research. The study appears to be a retrospective analysis conducted solely by the research team at a single institution without mention of collaboration with community stakeholders or patient representatives. There is no indication that patients or community members were involved in the research design, data collection, or interpretation of results, which are essential components of boundary-crossing partnerships."
10.21203_rs.3.rs-3895330_v1.pdf,boundary_crossing_partnerships_rubric,B3,0,"The provided sections do not demonstrate any evidence of partnership incentives, reward systems, or policy support related to boundary-crossing partnerships. The focus is primarily on the methods and data collection for a retrospective study without any mention of collaborative efforts, partnerships with other institutions, or systems in place to incentivize or reward such collaborations."
10.21203_rs.3.rs-3895330_v1.pdf,cross_disciplinary_team_science_rubric,T1,0,"The methods section primarily describes a retrospective study focused on comatose TBI patients, detailing data collection and analysis techniques. There is no indication of an interdisciplinary or cross-disciplinary approach, as the study appears to be conducted within a single field (neurology/neurosurgery) without mention of collaboration with professionals from other disciplines or fields. The focus remains on clinical and imaging data, EEG analysis, and machine learning techniques, which do not demonstrate the integration of diverse professional perspectives or expertise."
10.21203_rs.3.rs-3895330_v1.pdf,cross_disciplinary_team_science_rubric,T2,1,"The publication demonstrates some elements of knowledge integration and a holistic approach, particularly through the collection and analysis of diverse data types (clinical, imaging, and EEG data) to evaluate consciousness recovery in TBI patients. However, the integration of these various data sources into a cohesive analysis is not fully elaborated, and the methods primarily focus on individual data types rather than a comprehensive interdisciplinary approach. Therefore, while there is evidence of some integration, it does not fully meet the criteria for a higher score."
10.21203_rs.3.rs-3895330_v1.pdf,cross_disciplinary_team_science_rubric,T3,0,"The provided sections do not demonstrate evidence of team leadership, shared resources, or team policies. While the study mentions collaboration with various medical professionals (neurologist, neurosurgeon, neurointensivist, and ICU nurses) for data collection and outcome assessment, there is no explicit mention of structured team leadership or policies guiding the collaboration. Additionally, the resources used (e.g., REDCap for data management) are not described as shared among a cross-disciplinary team, nor is there any indication of a formalized team structure or leadership in the research process. Therefore, the criteria for subcategory T3 are not met."
10.21203_rs.3.rs-3895330_v1.pdf,generalizable_solutions_rubric,G1,1,"The publication describes a retrospective study focused on comatose TBI patients, detailing the methods of data collection and analysis. While it provides a comprehensive overview of the patient demographics, clinical data, and EEG analysis, it does not explicitly address potential bottlenecks or roadblocks encountered during the study. Additionally, there is no mention of how the findings might be applicable to multiple projects or how operational challenges were managed. Therefore, while the study presents valuable data, it lacks a clear demonstration of generalizable solutions in the context of the specified subcategory."
10.21203_rs.3.rs-3895330_v1.pdf,generalizable_solutions_rubric,G2,0,The study focuses specifically on comatose TBI patients at a single center and does not provide evidence of generalizable solutions across a range of conditions or diseases. The methods and data collection are tailored to a specific patient population and do not indicate applicability to other diseases or conditions. There is no mention of common solutions that could be generalized beyond the studied cohort.
10.21203_rs.3.rs-3895330_v1.pdf,generalizable_solutions_rubric,G3,1,"The study provides a detailed methodology for collecting and analyzing data from comatose TBI patients, which could be relevant for developing shared resources and policies in similar clinical environments. However, it lacks explicit discussion on how the findings can be generalized to other settings or how they might influence organizational policies beyond the specific institution where the study was conducted. Therefore, while there is some potential for generalizability, it is not fully realized or articulated in the publication."
